행정기관,구분,행정구역명,선거구코드,행정기관코드,선거인수,투표수,새누리당,더불어민주당,국민의당,정의당,기독자유당,민주당,코리아,일제·위안부·인권정당,개혁국민신당,고용복지연금선진화연대,공화당,불교당,기독당,노동당,녹색당,민중연합당,복지국가당,친반통일당,통일한국당,한국국민당,한나라당,계,무효투표수,기권수
경기도  ,도,,,4100000000,,,,,,,,,,,,,,,,,,,,,,,,,,
경기도 수원시 ,시군구,수원시,,4111000000,#N/A,#N/A,#N/A,#N/A,#N/A,#N/A,#N/A,#N/A,#N/A,#N/A,#N/A,#N/A,#N/A,#N/A,#N/A,#N/A,#N/A,#N/A,#N/A,#N/A,#N/A,#N/A,#N/A,#N/A,#N/A,#N/A
경기도 수원시 장안구 ,행정구,수원시장안구,,4111100000,202743,121491,37972,33416,31983,8925,2637,615,98,113,48,36,40,88,580,282,813,714,74,13,116,43,233,118839,2652,81252
경기도 수원시 장안구 파장동,읍면동,파장동,2101,4111156000,20468,11418,3669,3112,2982,712,271,71,10,9,4,6,4,8,71,18,74,79,7,0,8,3,22,11140,278,9050
경기도 수원시 장안구 율천동,읍면동,율천동,2102,4111156600,#N/A,#N/A,#N/A,#N/A,#N/A,#N/A,#N/A,#N/A,#N/A,#N/A,#N/A,#N/A,#N/A,#N/A,#N/A,#N/A,#N/A,#N/A,#N/A,#N/A,#N/A,#N/A,#N/A,#N/A,#N/A,#N/A
경기도 수원시 장안구 정자1동,읍면동,정자1동,2101,4111157100,26104,15860,4658,4546,4255,1212,360,66,7,16,4,5,3,10,81,41,106,102,5,2,19,3,33,15534,326,10244
경기도 수원시 장안구 정자2동,읍면동,정자2동,2101,4111157200,24731,14461,4538,3892,3814,1043,419,63,8,11,3,6,3,10,68,23,78,94,6,2,5,4,27,14117,344,10270
경기도 수원시 장안구 정자3동,읍면동,정자3동,2101,4111157300,31627,21489,5055,6532,6463,2140,403,84,13,12,7,2,6,8,87,59,170,134,9,1,9,7,26,21227,262,10138
경기도 수원시 장안구 영화동,읍면동,영화동,2101,4111158000,18299,8559,3453,1942,2022,479,172,50,6,9,3,2,1,8,29,19,46,38,7,0,4,2,19,8311,248,9740
경기도 수원시 장안구 송죽동,읍면동,송죽동,2101,4111159100,15041,8047,2496,2308,2041,505,202,29,3,7,6,1,4,6,52,17,54,49,7,1,18,4,9,7819,228,6994
경기도 수원시 장안구 조원1동,읍면동,조원1동,2101,4111159700,24929,13709,4696,3542,3429,884,383,74,13,16,6,2,7,11,73,24,80,64,8,3,23,7,35,13380,329,11220
경기도 수원시 장안구 조원2동,읍면동,조원2동,2101,4111159800,15781,10909,3612,2848,3009,845,140,44,5,1,2,3,2,6,32,25,76,62,6,1,13,7,15,10754,155,4872
경기도 수원시 장안구 연무동,읍면동,연무동,2101,4111160000,16606,8326,3387,1914,1856,423,186,51,10,7,4,3,3,7,48,15,51,45,4,2,11,5,26,8058,268,8280
경기도 수원시 권선구 ,행정구,수원시권선구,,4111300000,394405,231677,66659,69250,61021,17155,5128,1367,163,215,75,93,53,187,1145,572,1486,1906,163,18,173,65,382,227276,4401,162728
경기도 수원시 권선구 세류1동,읍면동,세류1동,2105,4111352000,8574,5065,1693,1395,1228,294,130,37,4,6,1,2,3,4,17,9,25,37,5,0,6,0,11,4907,158,3509
경기도 수원시 권선구 세류2동,읍면동,세류2동,2105,4111353000,21913,10037,3866,2604,2198,426,293,87,7,10,4,6,3,11,54,25,37,61,5,0,23,2,36,9758,279,11876
경기도 수원시 권선구 세류3동,읍면동,세류3동,2105,4111354000,19503,9092,3470,2351,2097,414,209,69,8,7,2,4,1,17,47,17,39,36,7,1,15,3,23,8837,255,10411
경기도 수원시 권선구 평동,읍면동,평동,2102,4111355000,28699,15006,4979,4122,3739,848,395,99,8,14,5,9,6,17,99,28,84,128,13,2,11,5,38,14649,357,13693
경기도 수원시 권선구 서둔동,읍면동,서둔동,2102,4111356000,32943,15924,5158,4436,3910,946,450,121,7,17,9,13,9,16,113,38,66,143,8,2,18,10,32,15522,402,17019
경기도 수원시 권선구 구운동,읍면동,구운동,2102,4111365000,22031,12036,3806,3374,3044,802,302,74,6,11,0,3,2,14,63,29,67,119,6,0,11,4,25,11762,274,9995
경기도 수원시 권선구 금곡동,읍면동,금곡동,2102,4111366200,26094,15982,4486,4593,4384,1162,401,97,4,8,7,4,3,10,94,30,123,238,15,3,11,7,20,15700,282,10112
경기도 수원시 권선구 호매실동,읍면동,호매실동,2102,4111366400,20858,12182,3183,3763,3314,899,337,64,7,7,6,3,0,10,78,28,87,138,8,1,6,3,16,11958,224,8676
경기도 수원시 권선구 권선1동,읍면동,권선1동,2105,4111367000,20219,10328,3397,2891,2575,633,235,58,4,9,3,3,4,8,56,21,74,61,11,3,18,3,26,10093,235,9891
경기도 수원시 권선구 권선2동,읍면동,권선2동,2105,4111368000,33336,21484,6341,6572,5700,1426,542,110,8,11,5,10,3,11,93,51,140,122,8,0,5,4,35,21197,287,11852
경기도 수원시 권선구 곡선동,읍면동,곡선동,2105,4111369000,24139,12112,3208,3911,3315,893,241,64,3,11,2,3,0,10,66,17,70,86,7,0,10,1,18,11936,176,12027
경기도 수원시 권선구 입북동,읍면동,입북동,2102,4111370000,13063,8241,2276,2405,2292,698,175,47,6,3,3,0,2,1,56,17,45,55,3,0,1,3,7,8095,146,4822
경기도 수원시 팔달구 ,행정구,수원시팔달구,,4111500000,166678,90005,30695,24393,21756,6230,2022,473,71,109,47,43,27,84,422,207,656,395,70,6,111,24,184,88025,1980,76673
경기도 수원시 팔달구 매교동,읍면동,매교동,2103,4111565000,9263,4287,1849,974,922,193,109,21,3,7,4,3,0,4,16,13,21,16,4,1,9,2,5,4176,111,4976
경기도 수원시 팔달구 매산동,읍면동,매산동,2103,4111566000,9996,5029,1849,1286,1227,316,83,21,2,8,3,2,2,2,23,12,36,29,3,0,2,1,10,4917,112,4967
경기도 수원시 팔달구 고등동,읍면동,고등동,2103,4111567000,9174,4253,1715,1054,943,186,110,26,2,6,3,3,4,2,16,3,26,25,4,0,10,2,11,4151,102,4921
경기도 수원시 팔달구 화서1동,읍면동,화서1동,2103,4111568000,20234,10633,3616,2871,2550,706,260,69,4,8,10,6,3,12,50,31,80,56,3,1,22,5,29,10392,241,9601
경기도 수원시 팔달구 화서2동,읍면동,화서2동,2103,4111569000,21599,14094,3956,4138,3814,1292,280,59,3,8,4,7,4,6,54,33,113,70,9,0,13,5,18,13886,208,7505
경기도 수원시 팔달구 지동,읍면동,지동,2103,4111570000,12441,5978,2577,1398,1223,249,139,36,7,8,2,4,3,10,34,14,34,23,2,0,6,1,24,5794,184,6463
경기도 수원시 팔달구 우만1동,읍면동,우만1동,2103,4111571000,18267,9094,3188,2456,1987,529,316,57,6,10,7,4,1,5,65,25,62,29,13,0,19,2,19,8800,294,9173
경기도 수원시 팔달구 우만2동,읍면동,우만2동,2103,4111572000,14192,8688,2494,2434,2363,802,217,32,2,9,1,1,1,7,38,11,90,26,6,1,15,2,10,8562,126,5504
경기도 수원시 팔달구 인계동,읍면동,인계동,2103,4111573000,34482,16536,5375,4671,4224,1163,345,68,15,18,8,8,3,17,84,24,98,56,12,3,10,2,29,16233,303,17946
경기도 수원시 팔달구 행궁동,읍면동,행궁동,2103,4111574000,10144,4892,2200,1032,990,268,82,33,5,6,2,1,2,7,18,8,33,34,2,0,1,1,15,4740,152,5252
경기도 수원시 영통구 ,행정구,수원시영통구,,4111700000,181983,113615,28353,34069,31306,12884,2058,486,51,107,31,43,12,66,465,216,835,703,70,4,71,17,129,111976,1639,68368
경기도 수원시 영통구 매탄1동,읍면동,매탄1동,2104,4111751000,15809,9592,2909,2652,2509,874,217,35,3,8,2,0,3,7,45,15,62,60,7,0,3,1,9,9421,171,6217
경기도 수원시 영통구 매탄2동,읍면동,매탄2동,2104,4111752000,13067,7143,2218,1928,1769,630,203,43,3,2,1,4,1,6,41,17,47,53,4,0,15,1,10,6996,147,5924
경기도 수원시 영통구 매탄3동,읍면동,매탄3동,2104,4111753000,27693,17046,4358,5067,4660,1875,313,82,5,17,6,11,1,7,85,27,98,130,10,0,12,3,7,16774,272,10647
경기도 수원시 영통구 매탄4동,읍면동,매탄4동,2104,4111754000,18594,10116,2881,2933,2657,912,248,42,4,6,3,5,1,2,49,16,57,66,7,1,13,2,20,9925,191,8478
경기도 수원시 영통구 원천동,읍면동,원천동,2104,4111755000,18996,10601,2463,3540,2700,1220,199,42,3,15,2,5,0,7,36,31,81,62,4,1,6,2,12,10431,170,8395
경기도 수원시 영통구 영통1동,읍면동,영통1동,2104,4111757000,30077,19183,4369,6004,5329,2420,298,80,9,16,7,6,1,12,64,36,164,113,4,0,5,2,19,18958,225,10894
경기도 수원시 영통구 영통2동,읍면동,영통2동,2105,4111758000,#N/A,#N/A,#N/A,#N/A,#N/A,#N/A,#N/A,#N/A,#N/A,#N/A,#N/A,#N/A,#N/A,#N/A,#N/A,#N/A,#N/A,#N/A,#N/A,#N/A,#N/A,#N/A,#N/A,#N/A,#N/A,#N/A
경기도 수원시 영통구 영통3동,읍면동,영통3동,2105,4111758500,#N/A,#N/A,#N/A,#N/A,#N/A,#N/A,#N/A,#N/A,#N/A,#N/A,#N/A,#N/A,#N/A,#N/A,#N/A,#N/A,#N/A,#N/A,#N/A,#N/A,#N/A,#N/A,#N/A,#N/A,#N/A,#N/A
경기도 수원시 영통구 망포1동,읍면동,망포1동,2105,4111759300,#N/A,#N/A,#N/A,#N/A,#N/A,#N/A,#N/A,#N/A,#N/A,#N/A,#N/A,#N/A,#N/A,#N/A,#N/A,#N/A,#N/A,#N/A,#N/A,#N/A,#N/A,#N/A,#N/A,#N/A,#N/A,#N/A
경기도 수원시 영통구 망포2동,읍면동,망포2동,2105,4111759600,#N/A,#N/A,#N/A,#N/A,#N/A,#N/A,#N/A,#N/A,#N/A,#N/A,#N/A,#N/A,#N/A,#N/A,#N/A,#N/A,#N/A,#N/A,#N/A,#N/A,#N/A,#N/A,#N/A,#N/A,#N/A,#N/A
경기도 수원시 영통구 광교1동,읍면동,광교1동,2104,4111760000,31125,20355,4465,5947,6341,2673,268,58,4,18,4,0,0,7,83,27,160,85,6,0,8,1,18,20173,182,10770
경기도 수원시 영통구 광교2동,읍면동,광교2동,2104,4111761000,17345,10701,2502,3166,3133,1270,232,36,1,4,3,8,3,6,45,18,81,59,9,0,4,2,8,10590,111,6644
경기도 성남시 ,시군구,성남시,,4113000000,#N/A,#N/A,#N/A,#N/A,#N/A,#N/A,#N/A,#N/A,#N/A,#N/A,#N/A,#N/A,#N/A,#N/A,#N/A,#N/A,#N/A,#N/A,#N/A,#N/A,#N/A,#N/A,#N/A,#N/A,#N/A,#N/A
경기도 성남시 수정구 ,행정구,성남시수정구,2106,4113100000,189949,101489,29206,28896,27743,6207,2338,781,69,81,50,48,34,87,579,218,641,1056,65,15,60,59,209,98442,3047,88460
경기도 성남시 수정구 신흥1동,읍면동,신흥1동,2106,4113151000,12507,5653,1693,1585,1525,291,83,56,3,3,5,2,2,5,20,12,29,64,2,0,4,8,18,5410,243,6854
경기도 성남시 수정구 신흥2동,읍면동,신흥2동,2106,4113152000,22109,11702,3201,3275,3443,727,273,81,5,11,3,3,4,15,62,26,70,131,4,1,7,2,14,11358,344,10407
경기도 성남시 수정구 신흥3동,읍면동,신흥3동,2106,4113153000,9793,4642,1527,1236,1262,220,84,49,1,0,1,3,2,2,24,10,17,47,4,1,6,4,9,4509,133,5151
경기도 성남시 수정구 태평1동,읍면동,태평1동,2106,4113154000,15160,7825,2266,2336,2043,467,162,46,3,9,1,1,2,6,36,16,50,72,9,1,2,5,19,7552,273,7335
경기도 성남시 수정구 태평2동,읍면동,태평2동,2106,4113155000,13765,6594,1857,1903,1812,315,183,58,2,4,3,2,4,2,49,14,26,89,6,0,8,2,18,6357,237,7171
경기도 성남시 수정구 태평3동,읍면동,태평3동,2106,4113156000,12804,6606,1917,1842,1790,388,178,75,7,2,0,5,1,3,40,15,41,93,2,2,2,5,10,6418,188,6198
경기도 성남시 수정구 태평4동,읍면동,태평4동,2106,4113156100,11969,6034,1674,1675,1671,308,166,57,4,2,4,3,1,2,52,9,35,93,6,0,2,4,21,5789,245,5935
경기도 성남시 수정구 수진1동,읍면동,수진1동,2106,4113157000,12156,5499,1692,1574,1437,238,120,37,3,4,4,7,2,6,29,7,29,50,4,0,4,6,17,5270,229,6657
경기도 성남시 수정구 수진2동,읍면동,수진2동,2106,4113158000,15113,8151,2506,2249,2284,474,147,63,6,6,6,2,2,9,30,12,40,63,2,4,2,5,12,7924,227,6962
경기도 성남시 수정구 단대동,읍면동,단대동,2106,4113159000,13465,7378,2161,1987,2074,497,218,30,9,6,4,4,4,8,48,16,47,54,3,1,3,0,14,7188,190,6087
경기도 성남시 수정구 산성동,읍면동,산성동,2106,4113160000,12067,6175,1712,1816,1645,348,188,46,1,6,5,4,1,10,50,14,36,83,4,2,8,4,15,5998,177,5892
경기도 성남시 수정구 양지동,읍면동,양지동,2106,4113161000,8644,4754,1377,1326,1335,238,123,47,3,4,4,3,0,2,31,12,23,65,3,1,0,2,7,4606,148,3890
경기도 성남시 수정구 복정동,읍면동,복정동,2106,4113162000,10112,5598,1084,1934,1512,678,138,28,1,3,6,1,0,2,34,12,53,33,3,0,2,1,7,5532,66,4514
경기도 성남시 수정구 위례동,읍면동,위례동,2106,4113162500,4771,3156,1003,770,996,220,50,13,1,1,1,1,1,1,10,3,26,15,0,0,1,1,2,3116,40,1615
경기도 성남시 수정구 신촌동,읍면동,신촌동,2106,4113163000,3358,1864,663,449,516,92,49,8,1,0,1,1,0,1,11,6,11,8,0,0,1,2,2,1822,42,1494
경기도 성남시 수정구 고등동,읍면동,고등동,2106,4113164000,1665,926,412,162,220,44,23,2,0,1,0,0,0,1,3,1,7,4,2,0,0,1,3,886,40,739
경기도 성남시 수정구 시흥동,읍면동,시흥동,2106,4113165000,2673,1503,658,287,317,90,45,6,0,0,0,1,1,3,7,3,23,13,0,0,3,0,4,1461,42,1170
경기도 성남시 중원구 ,행정구,성남시중원구,,4113300000,210356,115822,37003,31840,30971,5883,2457,804,112,77,33,66,33,115,618,221,568,1129,74,18,82,49,253,112406,3416,94534
경기도 성남시 중원구 성남동,읍면동,성남동,2107,4113351000,25607,13276,4210,3541,3689,673,268,86,11,10,5,5,4,11,56,25,56,92,8,1,9,8,32,12800,476,12331
경기도 성남시 중원구 중앙동,읍면동,중앙동,2107,4113352500,17916,8887,3025,2269,2349,432,205,43,10,2,2,9,4,9,55,16,28,96,7,1,19,6,17,8604,283,9029
경기도 성남시 중원구 금광1동,읍면동,금광1동,2107,4113353000,17898,8980,3055,2399,2325,371,217,66,6,4,4,8,1,8,51,16,26,125,3,2,10,2,15,8714,266,8918
경기도 성남시 중원구 금광2동,읍면동,금광2동,2107,4113354000,22323,11279,3592,3177,2932,552,257,65,10,12,5,5,7,13,66,20,62,161,8,2,9,6,18,10979,300,11044
경기도 성남시 중원구 은행1동,읍면동,은행1동,2107,4113355000,9358,5134,1627,1485,1329,246,132,35,4,3,4,4,1,4,33,2,22,50,3,1,2,2,9,4998,136,4224
경기도 성남시 중원구 은행2동,읍면동,은행2동,2107,4113356000,21855,11772,3794,3203,3116,591,271,98,3,8,2,4,0,18,61,20,65,115,5,3,7,5,20,11409,363,10083
경기도 성남시 중원구 상대원1동,읍면동,상대원1동,2107,4113357000,22705,11995,3876,3320,3211,536,246,91,12,8,2,5,3,8,62,27,51,105,9,2,8,5,30,11617,378,10710
경기도 성남시 중원구 상대원2동,읍면동,상대원2동,2107,4113358000,13610,6619,2453,1663,1628,220,142,48,5,7,1,5,3,3,43,7,25,66,2,1,3,4,26,6355,264,6991
경기도 성남시 중원구 상대원3동,읍면동,상대원3동,2107,4113359000,11763,5551,1972,1432,1420,191,134,46,5,1,0,4,1,5,31,6,17,54,1,1,5,1,13,5340,211,6212
경기도 성남시 중원구 하대원동,읍면동,하대원동,2107,4113366000,17783,10660,3562,2841,2889,532,215,80,5,3,4,5,2,8,42,25,43,72,4,1,2,4,23,10362,298,7123
경기도 성남시 중원구 도촌동,읍면동,도촌동,2107,4113367000,20218,12693,3437,3623,3749,917,260,61,3,5,1,4,2,11,74,20,104,103,11,3,5,3,26,12422,271,7525
경기도 성남시 분당구 ,행정구,성남시분당구,,4113500000,401523,265199,83238,68374,73573,23937,4551,953,155,183,86,61,63,166,1007,452,2879,1128,96,18,107,34,364,261425,3774,136324
경기도 성남시 분당구 분당동,읍면동,분당동,2109,4113551000,21240,13320,4207,3288,3677,1294,231,58,6,6,3,3,3,8,62,25,169,69,4,0,9,2,23,13147,173,7920
경기도 성남시 분당구 수내1동,읍면동,수내1동,2109,4113552000,14020,9144,3190,2135,2448,827,158,28,2,3,2,1,2,9,22,8,106,35,3,1,3,1,12,8996,148,4876
경기도 성남시 분당구 수내2동,읍면동,수내2동,2109,4113553000,7684,5380,1912,1173,1579,460,88,10,3,1,1,0,0,6,13,2,46,18,0,0,0,1,5,5318,62,2304
경기도 성남시 분당구 수내3동,읍면동,수내3동,2109,4113554000,10986,7200,2070,1997,1993,652,132,41,3,3,4,2,2,4,28,14,83,35,2,0,1,1,14,7081,119,3786
경기도 성남시 분당구 정자동,읍면동,정자동,2109,4113554500,15863,10035,3021,2582,2827,989,149,38,8,8,6,3,6,4,45,21,130,63,4,0,0,0,13,9917,118,5828
경기도 성남시 분당구 정자1동,읍면동,정자1동,2109,4113555000,24238,14465,5910,3074,3753,1052,188,36,7,10,3,3,2,12,42,22,146,31,3,0,8,1,16,14319,146,9773
경기도 성남시 분당구 정자2동,읍면동,정자2동,2109,4113556000,14683,9703,2827,2721,2550,909,164,55,6,5,4,2,1,9,35,19,104,77,8,0,7,2,14,9519,184,4980
경기도 성남시 분당구 정자3동,읍면동,정자3동,2109,4113557000,12487,8259,2467,2070,2300,838,175,29,1,10,1,1,2,8,45,25,113,45,1,0,3,0,18,8152,107,4228
경기도 성남시 분당구 서현1동,읍면동,서현1동,2108,4113558000,24394,15355,5125,3754,4304,1397,210,36,7,8,2,3,4,9,44,28,180,38,0,1,5,3,14,15172,183,9039
경기도 성남시 분당구 서현2동,읍면동,서현2동,2108,4113559000,14823,9794,2983,2450,2910,940,135,24,5,7,0,2,6,4,30,19,100,36,4,0,2,0,9,9666,128,5029
경기도 성남시 분당구 이매1동,읍면동,이매1동,2108,4113560000,20239,13701,4557,3307,3999,1131,210,39,2,10,4,2,2,8,48,13,131,41,3,1,6,0,14,13528,173,6538
경기도 성남시 분당구 이매2동,읍면동,이매2동,2108,4113561000,11100,7426,2771,1567,2168,547,120,8,3,4,2,1,0,4,24,11,64,27,2,0,8,1,8,7340,86,3674
경기도 성남시 분당구 야탑1동,읍면동,야탑1동,2108,4113562000,15205,9910,3146,2738,2741,740,159,39,0,7,2,2,2,5,29,14,72,41,3,0,2,2,11,9755,155,5295
경기도 성남시 분당구 야탑2동,읍면동,야탑2동,2108,4113563000,13998,9646,3376,2172,2777,766,157,31,5,4,2,2,4,7,35,10,82,42,1,0,6,1,15,9495,151,4352
경기도 성남시 분당구 야탑3동,읍면동,야탑3동,2108,4113564000,24329,14792,3968,4234,4205,1315,359,76,10,13,4,6,4,6,89,18,109,59,9,2,8,2,21,14517,275,9537
경기도 성남시 분당구 판교동,읍면동,판교동,2108,4113565000,16405,11085,2902,3073,3260,1271,163,32,0,8,5,1,2,5,31,20,147,31,1,0,2,2,15,10971,114,5320
경기도 성남시 분당구 삼평동,읍면동,삼평동,2108,4113565500,18526,11956,3114,3370,3551,1205,241,27,3,4,4,3,0,3,57,16,114,61,4,1,9,3,12,11802,154,6570
경기도 성남시 분당구 백현동,읍면동,백현동,2108,4113565700,20160,12814,3268,3705,3823,1216,285,48,7,7,6,3,4,4,45,18,131,55,6,4,1,1,8,12645,169,7346
경기도 성남시 분당구 금곡동,읍면동,금곡동,2109,4113566200,23900,15398,5278,3841,4056,1157,307,71,12,8,5,6,4,5,63,27,191,65,7,4,6,6,15,15134,264,8502
경기도 성남시 분당구 구미1동,읍면동,구미1동,2109,4113566500,14786,9673,2881,2655,2576,970,165,44,2,9,1,0,3,9,22,16,125,60,6,2,2,0,10,9558,115,5113
경기도 성남시 분당구 구미동,읍면동,구미동,2109,4113567000,25820,16917,5635,4092,4622,1410,337,63,14,12,11,6,1,13,71,31,168,86,8,0,6,3,34,16623,294,8903
경기도 성남시 분당구 운중동,읍면동,운중동,2108,4113568000,15791,10168,2977,2624,2924,1006,235,24,3,6,4,1,2,5,51,14,136,27,1,0,4,0,10,10054,114,5623
경기도 의정부시 ,시군구,의정부시,,4115000000,354141,193760,64031,47384,53805,12194,4741,1249,147,176,90,101,74,171,931,463,1299,1606,105,19,81,85,442,189194,4566,160381
경기도 의정부시 의정부1동,읍면동,의정부1동,2110,4115051000,17669,7573,2990,1703,1898,397,125,40,4,7,3,9,2,8,19,17,37,40,6,0,8,5,23,7341,232,10096
경기도 의정부시 의정부2동,읍면동,의정부2동,2110,4115052000,23374,10503,3479,2669,2802,622,267,94,5,9,5,4,6,14,43,32,80,40,7,0,4,5,26,10213,290,12871
경기도 의정부시 호원1동,읍면동,호원1동,2110,4115054500,28101,16562,5537,3977,4779,1148,331,108,7,4,3,3,5,16,71,34,92,61,6,2,2,4,30,16220,342,11539
경기도 의정부시 호원2동,읍면동,호원2동,2110,4115055500,29288,17981,5771,4462,5161,1240,412,121,6,11,11,6,4,11,72,32,139,64,5,0,8,4,44,17584,397,11307
경기도 의정부시 장암동,읍면동,장암동,2111,4115056100,16614,9926,3280,2354,2783,682,243,57,7,7,3,7,7,3,51,16,57,97,4,0,2,4,21,9685,241,6688
경기도 의정부시 신곡1동,읍면동,신곡1동,2111,4115056700,34644,19067,6374,4398,5552,1203,430,102,7,11,11,11,10,13,80,45,98,224,6,1,10,8,36,18630,437,15577
경기도 의정부시 신곡2동,읍면동,신곡2동,2111,4115056800,36097,20407,6606,4761,6033,1282,552,98,9,20,9,11,9,23,114,40,130,274,6,3,7,4,25,20016,391,15690
경기도 의정부시 송산1동,읍면동,송산1동,2111,4115057300,26750,13319,4562,3141,3580,760,420,76,8,9,5,6,6,12,88,37,71,143,9,1,5,8,29,12976,343,13431
경기도 의정부시 송산2동,읍면동,송산2동,2111,4115057600,36766,19768,5977,5057,5857,1273,507,111,11,13,4,9,6,13,100,43,123,244,15,5,7,3,36,19414,354,16998
경기도 의정부시 송산3동,읍면동,송산3동,2111,4115057800,#N/A,#N/A,#N/A,#N/A,#N/A,#N/A,#N/A,#N/A,#N/A,#N/A,#N/A,#N/A,#N/A,#N/A,#N/A,#N/A,#N/A,#N/A,#N/A,#N/A,#N/A,#N/A,#N/A,#N/A,#N/A,#N/A
경기도 의정부시 자금동,읍면동,자금동,2111,4115058000,23512,12186,4114,2807,3465,705,345,57,7,13,4,3,5,13,59,34,79,137,7,0,2,4,30,11890,296,11326
경기도 의정부시 가능동,읍면동,가능동,2110,4115059500,#N/A,#N/A,#N/A,#N/A,#N/A,#N/A,#N/A,#N/A,#N/A,#N/A,#N/A,#N/A,#N/A,#N/A,#N/A,#N/A,#N/A,#N/A,#N/A,#N/A,#N/A,#N/A,#N/A,#N/A,#N/A,#N/A
경기도 의정부시 흥선동,읍면동,흥선동,2110,4115061500,#N/A,#N/A,#N/A,#N/A,#N/A,#N/A,#N/A,#N/A,#N/A,#N/A,#N/A,#N/A,#N/A,#N/A,#N/A,#N/A,#N/A,#N/A,#N/A,#N/A,#N/A,#N/A,#N/A,#N/A,#N/A,#N/A
경기도 의정부시 녹양동,읍면동,녹양동,2110,4115062000,17899,9482,3053,2366,2601,626,353,51,8,4,3,4,1,6,59,12,81,32,2,1,5,7,19,9294,188,8417
경기도 안양시 ,시군구,안양시,,4117000000,#N/A,#N/A,#N/A,#N/A,#N/A,#N/A,#N/A,#N/A,#N/A,#N/A,#N/A,#N/A,#N/A,#N/A,#N/A,#N/A,#N/A,#N/A,#N/A,#N/A,#N/A,#N/A,#N/A,#N/A,#N/A,#N/A
경기도 안양시 만안구 ,행정구,안양시만안구,,4117100000,207447,123221,39409,33076,32585,8604,2990,736,88,109,54,51,43,90,682,313,779,402,75,14,129,45,252,120526,2695,84226
경기도 안양시 만안구 안양1동,읍면동,안양1동,2112,4117151000,14353,9458,2790,2478,2817,743,181,40,3,5,4,4,3,8,49,27,60,28,5,1,22,2,20,9290,168,4895
경기도 안양시 만안구 안양2동,읍면동,안양2동,2112,4117152000,19075,10159,3554,2642,2566,605,286,47,4,9,6,2,5,5,63,26,57,22,8,1,6,4,29,9947,212,8916
경기도 안양시 만안구 안양3동,읍면동,안양3동,2112,4117153000,14543,8009,2653,2169,2045,513,188,48,4,5,6,6,2,7,52,17,41,28,0,1,5,6,14,7810,199,6534
경기도 안양시 만안구 안양4동,읍면동,안양4동,2112,4117154000,6095,3638,1338,915,877,193,92,22,3,4,2,3,3,1,19,6,12,11,2,0,1,2,13,3519,119,2457
경기도 안양시 만안구 안양5동,읍면동,안양5동,2112,4117155000,11983,6412,2316,1564,1626,368,163,39,5,5,2,3,2,7,35,6,39,15,4,0,11,5,18,6233,179,5571
경기도 안양시 만안구 안양6동,읍면동,안양6동,2112,4117156000,17456,9271,3181,2408,2391,535,257,70,2,8,2,3,1,7,47,20,58,21,8,1,12,5,23,9060,211,8185
경기도 안양시 만안구 안양7동,읍면동,안양7동,2112,4117157000,3413,1784,523,492,471,129,65,11,1,0,0,0,0,1,10,5,7,8,1,0,4,0,3,1731,53,1629
경기도 안양시 만안구 안양8동,읍면동,안양8동,2112,4117158000,10207,5547,1832,1490,1385,333,212,33,1,2,1,8,0,4,37,18,26,24,3,2,8,1,8,5428,119,4660
경기도 안양시 만안구 안양9동,읍면동,안양9동,2112,4117158100,14640,8403,2845,2082,2239,506,207,62,6,5,7,3,2,5,62,20,58,33,3,0,8,3,22,8178,225,6237
경기도 안양시 만안구 석수1동,읍면동,석수1동,2112,4117159000,16522,10668,3308,2855,2920,899,242,49,11,10,7,4,4,10,33,27,85,26,5,3,7,4,14,10523,145,5854
경기도 안양시 만안구 석수2동,읍면동,석수2동,2112,4117160000,27059,16449,5044,4406,4400,1341,380,97,6,14,5,1,8,9,115,43,95,73,7,3,14,4,20,16085,364,10610
경기도 안양시 만안구 석수3동,읍면동,석수3동,2112,4117161000,11938,6681,2031,1845,1805,473,185,36,3,7,2,3,0,4,30,15,38,18,3,0,13,1,20,6532,149,5257
경기도 안양시 만안구 박달1동,읍면동,박달1동,2112,4117162100,14175,7674,2629,2064,1914,484,147,52,6,9,5,0,3,4,44,18,44,32,5,1,6,1,11,7479,195,6501
경기도 안양시 만안구 박달2동,읍면동,박달2동,2112,4117163000,17485,10978,3327,3069,3031,786,274,65,6,8,2,4,4,6,62,20,71,42,3,0,8,4,13,10805,173,6507
경기도 안양시 동안구 ,행정구,안양시동안구,,4117300000,280396,180572,50990,48982,49788,18103,4110,833,123,133,63,60,39,121,860,393,1613,796,86,20,128,40,292,177573,2999,99824
경기도 안양시 동안구 비산1동,읍면동,비산1동,2113,4117351000,20486,13285,4118,3450,3741,962,347,57,5,6,8,3,7,13,74,30,106,73,9,2,32,2,14,13059,226,7201
경기도 안양시 동안구 비산2동,읍면동,비산2동,2113,4117352000,11150,7271,2259,1937,2006,570,173,34,2,8,3,3,0,6,49,7,50,37,5,0,5,1,12,7167,104,3879
경기도 안양시 동안구 비산3동,읍면동,비산3동,2113,4117353000,19345,11474,3554,2986,3176,808,284,57,8,9,7,5,2,8,76,17,111,72,6,2,14,6,20,11228,246,7871
경기도 안양시 동안구 부흥동,읍면동,부흥동,2113,4117354000,13954,9348,2496,2568,2787,967,137,37,3,5,2,4,1,4,31,18,63,52,7,0,6,0,17,9205,143,4606
경기도 안양시 동안구 달안동,읍면동,달안동,2113,4117354600,9985,6183,1437,1922,1754,627,106,35,3,5,3,1,0,5,25,11,63,49,2,1,0,0,15,6064,119,3802
경기도 안양시 동안구 관양1동,읍면동,관양1동,2113,4117355000,31398,18662,5449,5054,5074,1413,652,86,14,10,6,10,1,10,113,38,165,104,6,3,10,3,35,18256,406,12736
경기도 안양시 동안구 관양2동,읍면동,관양2동,2113,4117356000,12874,7170,1982,1929,2063,575,237,47,5,3,2,5,1,2,33,20,59,39,1,1,5,2,8,7019,151,5704
경기도 안양시 동안구 부림동,읍면동,부림동,2113,4117356600,19655,12397,2827,3796,3601,1323,317,47,7,7,3,4,5,3,56,28,133,59,3,0,3,2,15,12239,158,7258
경기도 안양시 동안구 평촌동,읍면동,평촌동,2114,4117357000,12256,8206,2122,2141,2396,1044,183,37,1,8,1,1,0,4,47,13,61,26,2,1,4,1,12,8105,101,4050
경기도 안양시 동안구 평안동,읍면동,평안동,2114,4117357600,17849,12345,2833,3479,3515,1807,216,50,8,5,1,4,2,6,41,33,137,44,3,1,3,1,11,12200,145,5504
경기도 안양시 동안구 귀인동,읍면동,귀인동,2114,4117357800,12216,8349,2284,2065,2520,1039,150,22,1,3,3,0,2,5,21,11,83,15,6,0,8,1,6,8245,104,3867
경기도 안양시 동안구 호계1동,읍면동,호계1동,2114,4117358000,12874,6881,2207,1859,1620,582,190,48,6,7,1,2,3,8,52,21,54,32,4,3,0,3,22,6724,157,5993
경기도 안양시 동안구 호계2동,읍면동,호계2동,2114,4117359000,21140,13090,3900,3490,3368,1412,312,70,11,7,5,5,5,13,56,30,83,38,4,1,13,2,22,12847,243,8050
경기도 안양시 동안구 호계3동,읍면동,호계3동,2114,4117360000,19895,11807,3676,3161,3051,1107,275,47,8,9,3,4,1,10,62,28,89,30,3,1,7,3,25,11600,207,8088
경기도 안양시 동안구 범계동,읍면동,범계동,2114,4117361000,12191,8323,2467,1965,2360,1090,142,20,4,5,3,2,1,4,33,7,88,25,6,1,4,1,10,8238,85,3868
경기도 안양시 동안구 신촌동,읍면동,신촌동,2114,4117362000,10695,7286,1985,1942,2026,916,125,29,3,3,3,2,3,5,22,12,70,20,2,2,2,5,7,7184,102,3409
경기도 안양시 동안구 갈산동,읍면동,갈산동,2114,4117363000,9114,5928,1993,1334,1618,631,126,15,1,2,1,0,1,1,25,15,65,14,1,0,1,0,12,5856,72,3186
경기도 부천시 ,시군구,부천시,,4119000000,#N/A,#N/A,#N/A,#N/A,#N/A,#N/A,#N/A,#N/A,#N/A,#N/A,#N/A,#N/A,#N/A,#N/A,#N/A,#N/A,#N/A,#N/A,#N/A,#N/A,#N/A,#N/A,#N/A,#N/A,#N/A,#N/A
경기도 부천시 심곡동,읍면동,심곡동,2115,4119060300,#N/A,#N/A,#N/A,#N/A,#N/A,#N/A,#N/A,#N/A,#N/A,#N/A,#N/A,#N/A,#N/A,#N/A,#N/A,#N/A,#N/A,#N/A,#N/A,#N/A,#N/A,#N/A,#N/A,#N/A,#N/A,#N/A
경기도 부천시 부천동,읍면동,부천동,2115,4119060600,#N/A,#N/A,#N/A,#N/A,#N/A,#N/A,#N/A,#N/A,#N/A,#N/A,#N/A,#N/A,#N/A,#N/A,#N/A,#N/A,#N/A,#N/A,#N/A,#N/A,#N/A,#N/A,#N/A,#N/A,#N/A,#N/A
경기도 부천시 중동,읍면동,중동,2116,4119061000,#N/A,#N/A,#N/A,#N/A,#N/A,#N/A,#N/A,#N/A,#N/A,#N/A,#N/A,#N/A,#N/A,#N/A,#N/A,#N/A,#N/A,#N/A,#N/A,#N/A,#N/A,#N/A,#N/A,#N/A,#N/A,#N/A
경기도 부천시 신중동,읍면동,신중동,2116,4119074200,#N/A,#N/A,#N/A,#N/A,#N/A,#N/A,#N/A,#N/A,#N/A,#N/A,#N/A,#N/A,#N/A,#N/A,#N/A,#N/A,#N/A,#N/A,#N/A,#N/A,#N/A,#N/A,#N/A,#N/A,#N/A,#N/A
경기도 부천시 상동,읍면동,상동,2116,4119074400,#N/A,#N/A,#N/A,#N/A,#N/A,#N/A,#N/A,#N/A,#N/A,#N/A,#N/A,#N/A,#N/A,#N/A,#N/A,#N/A,#N/A,#N/A,#N/A,#N/A,#N/A,#N/A,#N/A,#N/A,#N/A,#N/A
경기도 부천시 대산동,읍면동,대산동,2117,4119074600,#N/A,#N/A,#N/A,#N/A,#N/A,#N/A,#N/A,#N/A,#N/A,#N/A,#N/A,#N/A,#N/A,#N/A,#N/A,#N/A,#N/A,#N/A,#N/A,#N/A,#N/A,#N/A,#N/A,#N/A,#N/A,#N/A
경기도 부천시 소사본동,읍면동,소사본동,2117,4119075000,#N/A,#N/A,#N/A,#N/A,#N/A,#N/A,#N/A,#N/A,#N/A,#N/A,#N/A,#N/A,#N/A,#N/A,#N/A,#N/A,#N/A,#N/A,#N/A,#N/A,#N/A,#N/A,#N/A,#N/A,#N/A,#N/A
경기도 부천시 범안동,읍면동,범안동,2117,4119079500,#N/A,#N/A,#N/A,#N/A,#N/A,#N/A,#N/A,#N/A,#N/A,#N/A,#N/A,#N/A,#N/A,#N/A,#N/A,#N/A,#N/A,#N/A,#N/A,#N/A,#N/A,#N/A,#N/A,#N/A,#N/A,#N/A
경기도 부천시 성곡동,읍면동,성곡동,2118,4119080000,#N/A,#N/A,#N/A,#N/A,#N/A,#N/A,#N/A,#N/A,#N/A,#N/A,#N/A,#N/A,#N/A,#N/A,#N/A,#N/A,#N/A,#N/A,#N/A,#N/A,#N/A,#N/A,#N/A,#N/A,#N/A,#N/A
경기도 부천시 오정동,읍면동,오정동,2118,4119083000,#N/A,#N/A,#N/A,#N/A,#N/A,#N/A,#N/A,#N/A,#N/A,#N/A,#N/A,#N/A,#N/A,#N/A,#N/A,#N/A,#N/A,#N/A,#N/A,#N/A,#N/A,#N/A,#N/A,#N/A,#N/A,#N/A
경기도 광명시 ,시군구,광명시,,4121000000,275408,172097,46905,46451,48406,16425,4790,1074,134,130,72,62,37,128,1005,368,1338,572,89,20,82,50,300,168438,3659,103311
경기도 광명시 광명1동,읍면동,광명1동,2119,4121051000,11790,5992,1849,1488,1641,462,185,56,6,3,3,5,5,9,37,9,26,22,2,1,3,3,21,5836,156,5798
경기도 광명시 광명2동,읍면동,광명2동,2119,4121052000,9732,5157,1573,1266,1388,395,167,41,3,3,3,3,2,2,38,13,27,15,6,2,3,6,16,4972,185,4575
경기도 광명시 광명3동,읍면동,광명3동,2119,4121054000,9038,4786,1460,1166,1338,370,153,35,6,9,1,3,2,2,28,9,24,11,4,2,3,1,16,4643,143,4252
경기도 광명시 광명4동,읍면동,광명4동,2119,4121055000,13016,7561,2412,1822,1992,683,210,56,5,4,4,3,0,6,43,12,47,25,3,0,1,2,13,7343,218,5455
경기도 광명시 광명5동,읍면동,광명5동,2119,4121056000,12501,7054,2062,1596,1943,743,271,50,0,1,1,4,0,7,56,12,45,24,7,2,3,2,20,6849,205,5447
경기도 광명시 광명6동,읍면동,광명6동,2119,4121057000,12309,7225,2159,1684,2095,668,258,47,5,6,6,2,3,6,36,8,55,12,1,0,1,0,12,7064,161,5084
경기도 광명시 광명7동,읍면동,광명7동,2119,4121058000,19523,10924,3226,2526,3119,1003,395,82,6,6,11,2,2,9,79,23,66,28,8,0,9,3,16,10619,305,8599
경기도 광명시 철산1동,읍면동,철산1동,2119,4121059000,10479,6702,1755,1885,2043,644,105,31,3,2,2,1,0,3,26,16,59,23,5,0,2,2,10,6617,85,3777
경기도 광명시 철산2동,읍면동,철산2동,2119,4121060000,13471,7542,2137,1894,2153,745,181,46,2,6,2,6,0,5,57,15,55,38,3,0,1,2,11,7359,183,5929
경기도 광명시 철산3동,읍면동,철산3동,2119,4121061000,28053,19298,5148,5119,5936,1955,403,76,5,9,5,3,1,11,67,38,177,54,5,1,11,1,19,19044,254,8755
경기도 광명시 철산4동,읍면동,철산4동,2119,4121062000,11577,7334,1773,2039,2187,838,152,38,4,6,3,1,0,1,33,21,62,19,4,2,9,3,11,7206,128,4243
경기도 광명시 하안1동,읍면동,하안1동,2120,4121063100,20593,13595,3587,3784,3924,1371,334,67,7,8,4,4,5,11,57,23,125,31,3,2,6,5,14,13372,223,6998
경기도 광명시 하안2동,읍면동,하안2동,2120,4121063200,12298,7737,1857,2384,2048,849,202,52,5,7,1,0,2,6,40,12,69,25,3,2,6,2,12,7584,153,4561
경기도 광명시 하안3동,읍면동,하안3동,2120,4121063300,17768,11201,3011,3370,3029,947,224,73,3,7,5,5,1,6,66,23,111,35,4,1,8,6,20,10955,246,6567
경기도 광명시 하안4동,읍면동,하안4동,2120,4121063400,10406,7065,1576,2171,2084,735,158,36,6,7,0,1,2,2,41,16,64,34,2,1,1,0,8,6945,120,3341
경기도 광명시 소하1동,읍면동,소하1동,2120,4121064000,23672,15380,3837,4331,4368,1529,525,76,10,9,5,4,3,14,112,34,122,60,6,1,2,2,23,15073,307,8292
경기도 광명시 소하2동,읍면동,소하2동,2120,4121065000,25968,15746,4349,4417,4106,1329,692,103,7,10,9,5,3,11,118,28,88,70,8,2,5,4,27,15391,355,10222
경기도 광명시 일직동,읍면동,일직동,2120,4121065500,#N/A,#N/A,#N/A,#N/A,#N/A,#N/A,#N/A,#N/A,#N/A,#N/A,#N/A,#N/A,#N/A,#N/A,#N/A,#N/A,#N/A,#N/A,#N/A,#N/A,#N/A,#N/A,#N/A,#N/A,#N/A,#N/A
경기도 광명시 학온동,읍면동,학온동,2120,4121066000,2186,1312,633,228,270,58,31,8,0,0,1,0,1,2,10,0,7,4,0,0,1,1,4,1259,53,874
경기도 평택시 ,시군구,평택시,,4122000000,367008,190694,69394,41556,49825,11681,5439,1367,186,194,92,92,85,209,1172,597,854,1728,155,22,101,95,589,185433,5261,176314
경기도 평택시 팽성읍,읍면동,팽성읍,2122,4122025000,24204,11218,5159,2159,2334,441,326,71,9,8,7,4,4,18,60,25,39,81,3,2,5,7,39,10801,417,12986
경기도 평택시 안중읍,읍면동,안중읍,2122,4122025300,28222,14716,4220,3491,4288,1218,419,118,11,8,8,9,9,10,100,67,60,275,13,1,8,7,29,14369,347,13506
경기도 평택시 포승읍,읍면동,포승읍,2122,4122025600,19981,8718,3034,1962,2331,519,205,63,8,11,5,4,5,6,41,30,29,121,13,0,5,7,26,8425,293,11263
경기도 평택시 청북읍,읍면동,청북읍,2122,4122025900,#N/A,#N/A,#N/A,#N/A,#N/A,#N/A,#N/A,#N/A,#N/A,#N/A,#N/A,#N/A,#N/A,#N/A,#N/A,#N/A,#N/A,#N/A,#N/A,#N/A,#N/A,#N/A,#N/A,#N/A,#N/A,#N/A
경기도 평택시 진위면,읍면동,진위면,2121,4122031000,10175,4918,2143,918,1120,245,122,37,6,2,3,3,0,4,34,10,12,18,4,1,4,3,24,4713,205,5257
경기도 평택시 서탄면,읍면동,서탄면,2121,4122032000,3503,1898,959,270,378,90,61,4,4,1,0,0,2,2,11,2,4,7,1,0,3,2,10,1811,87,1605
경기도 평택시 고덕면,읍면동,고덕면,2122,4122033000,9113,4339,1726,916,1016,189,161,40,7,1,3,1,0,3,34,14,11,52,3,0,1,6,6,4190,149,4774
경기도 평택시 오성면,읍면동,오성면,2122,4122034000,5983,3074,1465,549,582,118,68,19,0,1,5,3,1,1,20,13,22,29,2,0,4,7,21,2930,144,2909
경기도 평택시 현덕면,읍면동,현덕면,2122,4122037000,5249,2750,1367,373,598,105,86,14,3,0,2,0,1,4,19,3,9,16,1,1,2,2,13,2619,131,2499
경기도 평택시 중앙동,읍면동,중앙동,2121,4122051000,34012,18742,6685,3788,5226,1329,535,125,13,20,5,8,5,19,128,37,86,134,16,1,9,9,54,18232,510,15270
경기도 평택시 서정동,읍면동,서정동,2121,4122052000,24586,10826,4283,2045,2705,670,360,78,7,13,6,6,7,9,89,29,34,62,8,1,3,6,41,10462,364,13760
경기도 평택시 송탄동,읍면동,송탄동,2121,4122053500,11497,6242,2214,1200,1800,456,209,49,3,4,0,2,2,8,30,15,29,37,4,0,2,3,22,6089,153,5255
경기도 평택시 지산동,읍면동,지산동,2121,4122055000,9069,4111,1601,829,1053,276,112,33,2,0,2,0,0,4,21,10,15,11,1,0,1,1,15,3987,124,4958
경기도 평택시 송북동,읍면동,송북동,2121,4122056000,17888,9216,3770,1724,2330,569,272,58,4,8,3,5,7,8,77,22,26,34,7,0,5,6,28,8963,253,8672
경기도 평택시 신장1동,읍면동,신장1동,2121,4122057000,5296,2298,1051,371,572,88,68,15,1,2,0,3,0,3,16,3,4,4,4,0,2,0,10,2217,81,2998
경기도 평택시 신장2동,읍면동,신장2동,2121,4122058000,5896,2617,1322,360,584,83,81,16,2,3,0,2,1,4,14,6,12,7,0,0,4,1,11,2513,104,3279
경기도 평택시 신평동,읍면동,신평동,2122,4122059000,19533,9209,3542,1954,2312,463,283,67,7,10,8,8,6,13,52,30,43,119,7,0,5,6,28,8963,246,10324
경기도 평택시 원평동,읍면동,원평동,2122,4122060000,10342,5300,1957,1214,1373,266,155,43,2,5,1,2,1,4,27,10,22,43,3,0,2,2,21,5153,147,5042
경기도 평택시 통복동,읍면동,통복동,2121,4122061000,3958,1971,905,357,453,71,65,12,1,2,1,0,1,1,12,4,4,6,0,0,2,1,6,1904,67,1987
경기도 평택시 비전1동,읍면동,비전1동,2121,4122062000,28692,14093,4446,3475,3977,880,496,110,6,18,6,7,3,13,80,56,71,137,17,0,7,4,30,13839,254,14599
경기도 평택시 비전2동,읍면동,비전2동,2122,4122063000,41612,22966,7317,5586,6648,1547,636,135,12,26,11,5,9,19,120,66,134,213,12,4,14,4,42,22560,406,18646
경기도 평택시 용이동,읍면동,용이동,2122,4122063500,#N/A,#N/A,#N/A,#N/A,#N/A,#N/A,#N/A,#N/A,#N/A,#N/A,#N/A,#N/A,#N/A,#N/A,#N/A,#N/A,#N/A,#N/A,#N/A,#N/A,#N/A,#N/A,#N/A,#N/A,#N/A,#N/A
경기도 평택시 세교동,읍면동,세교동,2121,4122064000,17162,9158,3226,2006,2518,569,278,53,7,5,4,1,3,6,68,29,36,88,3,4,3,3,25,8935,223,8004
경기도 평택시 동삭동,읍면동,동삭동,2121,4122065000,#N/A,#N/A,#N/A,#N/A,#N/A,#N/A,#N/A,#N/A,#N/A,#N/A,#N/A,#N/A,#N/A,#N/A,#N/A,#N/A,#N/A,#N/A,#N/A,#N/A,#N/A,#N/A,#N/A,#N/A,#N/A,#N/A
경기도 평택시 고덕동,읍면동,고덕동,2122,4122066000,#N/A,#N/A,#N/A,#N/A,#N/A,#N/A,#N/A,#N/A,#N/A,#N/A,#N/A,#N/A,#N/A,#N/A,#N/A,#N/A,#N/A,#N/A,#N/A,#N/A,#N/A,#N/A,#N/A,#N/A,#N/A,#N/A
경기도 동두천시 ,시군구,동두천시,,4125000000,79961,39490,16082,8252,9194,1911,1270,255,45,30,23,24,16,32,245,112,150,220,33,5,26,34,143,38102,1388,40471
경기도 동두천시 생연1동,읍면동,생연1동,2123,4125051000,6137,2816,1241,568,604,122,88,16,3,3,0,2,0,7,16,5,9,12,1,1,5,2,11,2716,100,3321
경기도 동두천시 생연2동,읍면동,생연2동,2123,4125052000,9709,4862,2010,976,1133,219,157,28,3,6,3,3,0,4,34,10,21,34,4,0,3,6,20,4674,188,4847
경기도 동두천시 중앙동,읍면동,중앙동,2123,4125053500,5193,2352,1204,380,469,73,61,16,4,0,1,1,0,2,14,5,4,8,0,0,1,1,6,2250,102,2841
경기도 동두천시 보산동,읍면동,보산동,2123,4125055000,2807,1211,585,197,244,56,29,6,1,0,2,0,2,3,9,2,4,2,0,1,1,0,11,1155,56,1596
경기도 동두천시 불현동,읍면동,불현동,2123,4125056500,21397,9875,4060,2111,2272,428,319,58,4,8,7,8,6,5,53,39,35,61,10,1,8,10,33,9536,339,11522
경기도 동두천시 송내동,읍면동,송내동,2123,4125056600,19202,9634,3333,2271,2599,588,336,58,5,1,0,4,3,4,58,18,38,59,7,0,6,7,23,9418,216,9568
경기도 동두천시 소요동,읍면동,소요동,2123,4125058000,7890,3808,1771,655,743,129,159,24,12,3,4,3,4,2,29,9,14,17,3,0,2,3,18,3604,204,4082
경기도 동두천시 상패동,읍면동,상패동,2123,4125060000,4899,2356,1097,385,520,88,84,15,2,0,2,1,1,0,12,4,3,9,1,1,0,4,11,2240,116,2543
경기도 안산시 ,시군구,안산시,,4127000000,#N/A,#N/A,#N/A,#N/A,#N/A,#N/A,#N/A,#N/A,#N/A,#N/A,#N/A,#N/A,#N/A,#N/A,#N/A,#N/A,#N/A,#N/A,#N/A,#N/A,#N/A,#N/A,#N/A,#N/A,#N/A,#N/A
경기도 안산시 상록구 ,행정구,안산시상록구,,4127100000,304269,164482,45000,43718,50111,10123,4862,1493,171,160,79,83,43,157,1216,498,988,1012,129,14,247,68,371,160543,3939,139787
경기도 안산시 상록구 일동,읍면동,일동,2125,4127151000,21988,10729,2947,2689,3475,603,331,87,11,8,3,5,0,8,60,39,83,41,7,1,6,6,26,10436,293,11259
경기도 안산시 상록구 이동,읍면동,이동,2125,4127151500,23840,11218,2870,3008,3548,748,350,96,6,4,3,5,1,9,75,30,77,49,5,0,3,6,25,10918,300,12622
경기도 안산시 상록구 사동,읍면동,사동,2124,4127152500,#N/A,#N/A,#N/A,#N/A,#N/A,#N/A,#N/A,#N/A,#N/A,#N/A,#N/A,#N/A,#N/A,#N/A,#N/A,#N/A,#N/A,#N/A,#N/A,#N/A,#N/A,#N/A,#N/A,#N/A,#N/A,#N/A
경기도 안산시 상록구 사이동,읍면동,사이동,2124,4127153200,#N/A,#N/A,#N/A,#N/A,#N/A,#N/A,#N/A,#N/A,#N/A,#N/A,#N/A,#N/A,#N/A,#N/A,#N/A,#N/A,#N/A,#N/A,#N/A,#N/A,#N/A,#N/A,#N/A,#N/A,#N/A,#N/A
경기도 안산시 상록구 해양동,읍면동,해양동,2124,4127153700,#N/A,#N/A,#N/A,#N/A,#N/A,#N/A,#N/A,#N/A,#N/A,#N/A,#N/A,#N/A,#N/A,#N/A,#N/A,#N/A,#N/A,#N/A,#N/A,#N/A,#N/A,#N/A,#N/A,#N/A,#N/A,#N/A
경기도 안산시 상록구 본오1동,읍면동,본오1동,2124,4127154000,32829,14722,3859,4027,4404,741,611,198,16,18,10,12,3,14,142,42,61,147,11,0,13,8,31,14368,354,18107
경기도 안산시 상록구 본오2동,읍면동,본오2동,2124,4127155000,23670,12789,3458,3514,3788,712,463,125,11,17,9,8,2,9,111,39,61,136,12,0,5,3,21,12504,285,10881
경기도 안산시 상록구 본오3동,읍면동,본오3동,2124,4127156000,19058,10488,2924,2755,3271,670,247,89,8,13,8,3,2,10,78,22,71,78,7,1,6,3,26,10292,196,8570
경기도 안산시 상록구 부곡동,읍면동,부곡동,2125,4127157000,18627,9146,2534,2281,2952,504,298,80,8,8,2,5,6,7,67,21,50,30,4,1,4,3,23,8888,258,9481
경기도 안산시 상록구 월피동,읍면동,월피동,2125,4127158000,34701,18004,4932,4794,5623,1071,487,127,11,13,12,7,7,14,138,54,84,49,10,2,5,7,50,17497,507,16697
경기도 안산시 상록구 성포동,읍면동,성포동,2125,4127159000,20506,13184,3906,3300,4114,893,257,99,6,10,4,8,2,11,63,33,92,49,10,0,9,5,28,12899,285,7322
경기도 안산시 상록구 반월동,읍면동,반월동,2124,4127160000,16494,9493,3110,2357,2597,617,276,86,3,4,5,2,3,7,51,22,62,51,4,1,9,2,20,9289,204,7001
경기도 안산시 상록구 안산동,읍면동,안산동,2125,4127161000,8142,4392,1552,988,1184,209,144,39,3,2,4,3,1,1,35,11,12,11,1,0,3,3,15,4221,171,3750
경기도 안산시 단원구 ,행정구,안산시단원구,,4127300000,254107,136392,41364,35451,39738,8823,3357,1060,140,109,42,72,48,113,801,452,690,531,147,11,64,84,304,133401,2991,117715
경기도 안산시 단원구 와동,읍면동,와동,2126,4127351000,35059,14777,4274,4197,4067,772,520,143,12,13,8,14,8,16,106,56,63,56,19,1,11,10,31,14397,380,20282
경기도 안산시 단원구 고잔동,읍면동,고잔동,2127,4127352500,#N/A,#N/A,#N/A,#N/A,#N/A,#N/A,#N/A,#N/A,#N/A,#N/A,#N/A,#N/A,#N/A,#N/A,#N/A,#N/A,#N/A,#N/A,#N/A,#N/A,#N/A,#N/A,#N/A,#N/A,#N/A,#N/A
경기도 안산시 단원구 중앙동,읍면동,중앙동,2127,4127353200,#N/A,#N/A,#N/A,#N/A,#N/A,#N/A,#N/A,#N/A,#N/A,#N/A,#N/A,#N/A,#N/A,#N/A,#N/A,#N/A,#N/A,#N/A,#N/A,#N/A,#N/A,#N/A,#N/A,#N/A,#N/A,#N/A
경기도 안산시 단원구 호수동,읍면동,호수동,2127,4127353500,34782,21684,6163,5398,7184,1708,397,105,12,10,6,7,5,12,110,38,126,70,10,1,10,3,31,21406,278,13098
경기도 안산시 단원구 원곡동,읍면동,원곡동,2126,4127354500,#N/A,#N/A,#N/A,#N/A,#N/A,#N/A,#N/A,#N/A,#N/A,#N/A,#N/A,#N/A,#N/A,#N/A,#N/A,#N/A,#N/A,#N/A,#N/A,#N/A,#N/A,#N/A,#N/A,#N/A,#N/A,#N/A
경기도 안산시 단원구 백운동,읍면동,백운동,2126,4127355500,#N/A,#N/A,#N/A,#N/A,#N/A,#N/A,#N/A,#N/A,#N/A,#N/A,#N/A,#N/A,#N/A,#N/A,#N/A,#N/A,#N/A,#N/A,#N/A,#N/A,#N/A,#N/A,#N/A,#N/A,#N/A,#N/A
경기도 안산시 단원구 신길동,읍면동,신길동,2126,4127356500,#N/A,#N/A,#N/A,#N/A,#N/A,#N/A,#N/A,#N/A,#N/A,#N/A,#N/A,#N/A,#N/A,#N/A,#N/A,#N/A,#N/A,#N/A,#N/A,#N/A,#N/A,#N/A,#N/A,#N/A,#N/A,#N/A
경기도 안산시 단원구 초지동,읍면동,초지동,2127,4127357000,31848,17802,4724,4529,5892,1408,448,91,9,11,5,6,7,9,114,62,85,57,15,1,4,14,35,17526,276,14046
경기도 안산시 단원구 선부1동,읍면동,선부1동,2126,4127358000,12671,6621,2113,1821,1701,360,168,75,3,2,0,6,4,5,49,27,36,23,3,3,2,5,10,6416,205,6050
경기도 안산시 단원구 선부2동,읍면동,선부2동,2126,4127359000,18126,7971,2615,2068,2105,380,260,91,6,6,2,6,2,6,55,33,32,26,14,1,5,14,21,7748,223,10155
경기도 안산시 단원구 선부3동,읍면동,선부3동,2126,4127360000,27231,13946,4036,4074,3971,753,358,120,10,8,3,5,6,19,89,47,64,55,23,1,7,4,28,13681,265,13285
경기도 안산시 단원구 대부동,읍면동,대부동,2127,4127361000,6586,3400,1947,339,620,116,102,14,2,1,3,3,2,2,15,4,12,8,0,0,0,2,21,3213,187,3186
경기도 고양시 ,시군구,고양시,,4128000000,#N/A,#N/A,#N/A,#N/A,#N/A,#N/A,#N/A,#N/A,#N/A,#N/A,#N/A,#N/A,#N/A,#N/A,#N/A,#N/A,#N/A,#N/A,#N/A,#N/A,#N/A,#N/A,#N/A,#N/A,#N/A,#N/A
경기도 고양시 덕양구 ,행정구,고양시덕양구,,4128100000,384386,232213,71467,52491,54995,34953,5495,1254,167,202,82,67,78,153,1266,1182,1883,1056,106,23,66,72,404,227462,4751,152173
경기도 고양시 덕양구 주교동,읍면동,주교동,2128,4128151000,14638,7406,2704,1408,1486,1064,248,59,9,3,4,4,2,5,62,33,45,22,7,0,1,8,15,7189,217,7232
경기도 고양시 덕양구 원신동,읍면동,원신동,2128,4128152000,12113,7440,2080,1453,1726,1651,162,43,3,3,0,1,4,7,42,32,50,21,0,2,3,1,7,7291,149,4673
경기도 고양시 덕양구 흥도동,읍면동,흥도동,2128,4128153000,22849,13962,3545,2899,3355,3138,333,74,9,11,4,3,1,5,69,92,111,42,4,0,6,3,20,13724,238,8887
경기도 고양시 덕양구 성사1동,읍면동,성사1동,2128,4128154000,20310,11648,3836,2363,2621,1848,313,60,7,6,5,2,4,9,79,67,92,29,10,3,4,5,20,11383,265,8662
경기도 고양시 덕양구 성사2동,읍면동,성사2동,2128,4128155000,9655,6104,2042,1192,1386,1044,123,34,3,3,6,1,1,8,37,30,26,10,1,0,0,0,9,5956,148,3551
경기도 고양시 덕양구 효자동,읍면동,효자동,2129,4128156000,1944,952,472,146,165,65,31,5,1,1,0,0,1,1,11,0,12,2,0,0,1,0,5,919,33,992
경기도 고양시 덕양구 삼송1동,읍면동,삼송1동,2129,4128157600,#N/A,#N/A,#N/A,#N/A,#N/A,#N/A,#N/A,#N/A,#N/A,#N/A,#N/A,#N/A,#N/A,#N/A,#N/A,#N/A,#N/A,#N/A,#N/A,#N/A,#N/A,#N/A,#N/A,#N/A,#N/A,#N/A
경기도 고양시 덕양구 삼송2동,읍면동,삼송2동,2129,4128157700,#N/A,#N/A,#N/A,#N/A,#N/A,#N/A,#N/A,#N/A,#N/A,#N/A,#N/A,#N/A,#N/A,#N/A,#N/A,#N/A,#N/A,#N/A,#N/A,#N/A,#N/A,#N/A,#N/A,#N/A,#N/A,#N/A
경기도 고양시 덕양구 창릉동,읍면동,창릉동,2129,4128158000,9119,5537,1785,1296,1467,582,137,33,2,2,1,0,1,5,28,8,48,23,2,1,2,0,7,5430,107,3582
경기도 고양시 덕양구 고양동,읍면동,고양동,2128,4128159000,24982,13658,4862,2337,2786,2525,334,91,8,9,9,3,7,5,81,95,72,32,3,3,5,5,30,13302,356,11324
경기도 고양시 덕양구 관산동,읍면동,관산동,2128,4128160000,27276,13748,5280,2310,2715,2320,346,96,1,10,2,5,6,11,62,93,61,29,7,0,0,10,40,13404,344,13528
경기도 고양시 덕양구 능곡동,읍면동,능곡동,2129,4128161000,15678,8744,2942,1965,2148,831,263,49,4,8,5,1,4,3,41,37,107,77,2,0,2,4,22,8515,229,6934
경기도 고양시 덕양구 화정1동,읍면동,화정1동,2128,4128162100,32613,20193,6483,4344,4730,3354,363,83,10,24,11,7,4,14,89,144,170,53,4,1,6,1,26,19921,272,12420
경기도 고양시 덕양구 화정2동,읍면동,화정2동,2128,4128162200,26055,17056,4341,3978,4137,3561,307,83,8,9,2,4,4,5,63,104,130,45,6,0,1,0,19,16807,249,8999
경기도 고양시 덕양구 행주동,읍면동,행주동,2129,4128163000,17885,8594,2897,1980,2073,702,341,55,3,5,1,1,1,5,58,33,72,86,5,0,3,3,21,8345,249,9291
경기도 고양시 덕양구 행신1동,읍면동,행신1동,2129,4128164000,18932,11737,3303,3159,3061,1229,377,62,10,12,7,4,2,6,68,41,106,77,4,0,0,2,11,11541,196,7195
경기도 고양시 덕양구 행신2동,읍면동,행신2동,2129,4128165000,27422,17192,4758,4781,4309,1975,331,71,7,9,9,4,8,7,90,53,173,210,4,1,7,3,31,16841,351,10230
경기도 고양시 덕양구 행신3동,읍면동,행신3동,2129,4128165500,37996,23338,6353,6314,5951,2881,584,86,12,16,6,6,10,17,151,82,230,152,12,5,6,7,22,22903,435,14658
경기도 고양시 덕양구 행신4동,읍면동,행신4동,2129,4128165600,#N/A,#N/A,#N/A,#N/A,#N/A,#N/A,#N/A,#N/A,#N/A,#N/A,#N/A,#N/A,#N/A,#N/A,#N/A,#N/A,#N/A,#N/A,#N/A,#N/A,#N/A,#N/A,#N/A,#N/A,#N/A,#N/A
경기도 고양시 덕양구 화전동,읍면동,화전동,2129,4128166000,4764,2344,920,482,499,140,86,21,3,1,0,0,1,1,27,6,16,7,2,0,1,3,14,2230,114,2420
경기도 고양시 덕양구 대덕동,읍면동,대덕동,2129,4128167000,3403,1796,738,327,465,108,62,8,2,2,1,0,1,1,16,4,7,6,0,0,0,1,10,1759,37,1607
경기도 고양시 일산동구 ,행정구,고양시일산동구,,4128500000,225717,132956,38795,35001,37032,12619,3131,562,76,99,40,38,33,83,590,358,1500,444,69,7,50,34,183,130744,2212,92761
경기도 고양시 일산동구 식사동,읍면동,식사동,2130,4128551000,#N/A,#N/A,#N/A,#N/A,#N/A,#N/A,#N/A,#N/A,#N/A,#N/A,#N/A,#N/A,#N/A,#N/A,#N/A,#N/A,#N/A,#N/A,#N/A,#N/A,#N/A,#N/A,#N/A,#N/A,#N/A,#N/A
경기도 고양시 일산동구 중산1동,읍면동,중산1동,2130,4128552500,#N/A,#N/A,#N/A,#N/A,#N/A,#N/A,#N/A,#N/A,#N/A,#N/A,#N/A,#N/A,#N/A,#N/A,#N/A,#N/A,#N/A,#N/A,#N/A,#N/A,#N/A,#N/A,#N/A,#N/A,#N/A,#N/A
경기도 고양시 일산동구 중산2동,읍면동,중산2동,2130,4128552600,#N/A,#N/A,#N/A,#N/A,#N/A,#N/A,#N/A,#N/A,#N/A,#N/A,#N/A,#N/A,#N/A,#N/A,#N/A,#N/A,#N/A,#N/A,#N/A,#N/A,#N/A,#N/A,#N/A,#N/A,#N/A,#N/A
경기도 고양시 일산동구 정발산동,읍면동,정발산동,2130,4128553000,21643,12133,3447,3252,3226,1239,348,39,5,8,6,2,3,11,69,33,166,54,1,2,4,4,17,11936,197,9510
경기도 고양시 일산동구 풍산동,읍면동,풍산동,2130,4128554000,28877,17354,4660,4635,4968,1802,483,69,10,9,5,5,3,7,99,51,149,58,9,1,6,2,20,17051,303,11523
경기도 고양시 일산동구 백석1동,읍면동,백석1동,2129,4128555100,20890,12390,3240,3459,3511,1293,306,55,5,7,2,2,2,6,43,24,153,38,5,0,5,5,13,12174,216,8500
경기도 고양시 일산동구 백석2동,읍면동,백석2동,2129,4128555200,18675,10079,2738,2764,2775,1108,221,44,3,4,2,1,2,8,35,20,116,25,5,2,8,1,10,9892,187,8596
경기도 고양시 일산동구 마두1동,읍면동,마두1동,2130,4128556000,20843,13808,3813,3565,4035,1554,234,43,3,8,9,3,1,9,46,32,183,42,5,0,3,3,16,13607,201,7035
경기도 고양시 일산동구 마두2동,읍면동,마두2동,2130,4128557000,12950,8662,2722,2021,2555,902,157,21,1,5,0,2,1,3,30,9,89,20,5,1,3,1,7,8555,107,4288
경기도 고양시 일산동구 장항1동,읍면동,장항1동,2130,4128558000,2622,1389,683,224,315,66,39,5,0,1,0,0,0,0,10,0,5,4,0,0,1,0,3,1356,33,1233
경기도 고양시 일산동구 장항2동,읍면동,장항2동,2130,4128559000,22431,11282,3173,3182,3048,1251,179,44,4,10,1,3,1,8,22,34,152,36,1,0,2,1,12,11164,118,11149
경기도 고양시 일산동구 고봉동,읍면동,고봉동,2130,4128560000,14467,6511,2553,1355,1476,507,257,44,1,4,6,3,4,6,49,20,55,9,4,0,5,6,18,6382,129,7956
경기도 고양시 일산서구 ,행정구,고양시일산서구,,4128700000,218522,137347,39541,37592,37730,13388,2900,498,72,109,24,40,37,75,576,392,1329,444,61,10,34,31,199,135082,2265,81175
경기도 고양시 일산서구 일산1동,읍면동,일산1동,2131,4128751000,22803,13000,3894,3544,3541,1129,280,45,10,10,4,3,4,6,65,34,98,45,6,0,3,2,27,12750,250,9803
경기도 고양시 일산서구 일산2동,읍면동,일산2동,2130,4128752000,#N/A,#N/A,#N/A,#N/A,#N/A,#N/A,#N/A,#N/A,#N/A,#N/A,#N/A,#N/A,#N/A,#N/A,#N/A,#N/A,#N/A,#N/A,#N/A,#N/A,#N/A,#N/A,#N/A,#N/A,#N/A,#N/A
경기도 고양시 일산서구 일산3동,읍면동,일산3동,2131,4128753000,27689,18796,4579,5360,5694,2135,326,52,8,4,4,1,2,7,53,51,189,73,6,4,1,1,15,18565,231,8893
경기도 고양시 일산서구 탄현1동,읍면동,탄현1동,2131,4128754500,#N/A,#N/A,#N/A,#N/A,#N/A,#N/A,#N/A,#N/A,#N/A,#N/A,#N/A,#N/A,#N/A,#N/A,#N/A,#N/A,#N/A,#N/A,#N/A,#N/A,#N/A,#N/A,#N/A,#N/A,#N/A,#N/A
경기도 고양시 일산서구 탄현2동,읍면동,탄현2동,2131,4128754600,#N/A,#N/A,#N/A,#N/A,#N/A,#N/A,#N/A,#N/A,#N/A,#N/A,#N/A,#N/A,#N/A,#N/A,#N/A,#N/A,#N/A,#N/A,#N/A,#N/A,#N/A,#N/A,#N/A,#N/A,#N/A,#N/A
경기도 고양시 일산서구 주엽1동,읍면동,주엽1동,2131,4128755000,23227,15263,4549,4010,4369,1507,206,45,1,14,4,1,3,7,46,38,166,43,2,0,3,2,18,15034,229,7964
경기도 고양시 일산서구 주엽2동,읍면동,주엽2동,2131,4128756000,24254,15300,4756,3910,4114,1510,297,52,3,10,0,4,6,9,57,39,143,38,7,0,5,8,24,14992,308,8954
경기도 고양시 일산서구 대화동,읍면동,대화동,2131,4128757000,26839,15432,4415,4183,4137,1534,377,61,6,16,2,5,3,3,76,59,190,67,8,3,6,5,13,15169,263,11407
경기도 고양시 일산서구 송포동,읍면동,송포동,2131,4128758000,12896,8338,2766,1955,2256,787,214,34,3,3,3,3,1,3,43,15,79,14,1,0,1,1,10,8192,146,4558
경기도 고양시 일산서구 덕이동,읍면동,덕이동,2131,4128760000,#N/A,#N/A,#N/A,#N/A,#N/A,#N/A,#N/A,#N/A,#N/A,#N/A,#N/A,#N/A,#N/A,#N/A,#N/A,#N/A,#N/A,#N/A,#N/A,#N/A,#N/A,#N/A,#N/A,#N/A,#N/A,#N/A
경기도 고양시 일산서구 가좌동,읍면동,가좌동,2131,4128761000,#N/A,#N/A,#N/A,#N/A,#N/A,#N/A,#N/A,#N/A,#N/A,#N/A,#N/A,#N/A,#N/A,#N/A,#N/A,#N/A,#N/A,#N/A,#N/A,#N/A,#N/A,#N/A,#N/A,#N/A,#N/A,#N/A
경기도 과천시 ,시군구,과천시,,4129000000,55963,37166,11132,7970,9829,4311,646,99,21,30,21,11,8,30,178,87,2055,115,22,5,26,7,59,36662,504,18797
경기도 과천시 중앙동,읍면동,중앙동,2132,4129051000,7841,5255,1666,988,1422,607,99,5,2,2,3,0,1,2,23,8,333,11,2,1,3,0,6,5184,71,2586
경기도 과천시 갈현동,읍면동,갈현동,2132,4129052000,10409,6890,1988,1485,1937,851,88,13,3,3,6,1,2,7,31,14,344,18,2,1,4,1,6,6805,85,3519
경기도 과천시 별양동,읍면동,별양동,2132,4129053000,12227,8096,2362,1696,2248,951,107,14,3,6,1,1,2,4,38,19,507,29,3,0,12,1,16,8020,76,4131
경기도 과천시 부림동,읍면동,부림동,2132,4129054000,9606,6474,1762,1462,1693,850,142,22,1,4,2,4,0,2,28,15,385,20,2,3,2,0,5,6404,70,3132
경기도 과천시 과천동,읍면동,과천동,2132,4129055000,7015,3811,1364,772,935,347,105,10,2,3,5,3,0,7,24,7,135,15,4,0,2,1,12,3753,58,3204
경기도 과천시 문원동,읍면동,문원동,2132,4129056000,5637,3702,1205,765,878,359,78,15,1,4,4,0,3,3,24,12,234,11,2,0,1,1,10,3610,92,1935
경기도 구리시 ,시군구,구리시,,4131000000,150712,88789,29625,22719,23878,5892,2140,503,62,100,23,32,38,86,435,174,558,302,67,28,43,23,162,86890,1899,61923
경기도 구리시 갈매동,읍면동,갈매동,2133,4131051000,1201,582,276,98,112,22,19,4,0,0,1,0,0,0,5,1,0,1,0,0,0,0,4,543,39,619
경기도 구리시 동구동,읍면동,동구동,2133,4131052000,31249,19796,6160,5172,5674,1495,422,102,11,11,5,5,7,20,92,38,120,91,8,4,5,4,24,19470,326,11453
경기도 구리시 인창동,읍면동,인창동,2133,4131053000,20032,11692,3896,3039,3141,759,276,69,9,12,2,3,4,14,66,20,58,33,8,6,3,3,20,11441,251,8340
경기도 구리시 교문1동,읍면동,교문1동,2133,4131054100,15089,7598,2889,1746,1869,458,209,30,2,8,2,8,4,9,41,9,44,17,5,6,6,1,19,7382,216,7491
경기도 구리시 교문2동,읍면동,교문2동,2133,4131054200,17955,11739,3822,2897,3463,837,225,51,4,11,4,1,2,10,45,16,102,43,8,3,6,1,15,11566,173,6216
경기도 구리시 수택1동,읍면동,수택1동,2133,4131057000,19126,9566,3529,2385,2349,483,268,74,4,6,2,3,5,6,63,14,46,38,8,0,3,2,17,9305,261,9560
경기도 구리시 수택2동,읍면동,수택2동,2133,4131058000,21701,11125,4034,2708,2779,548,372,79,5,22,3,5,9,8,57,18,58,22,9,6,10,6,24,10782,343,10576
경기도 구리시 수택3동,읍면동,수택3동,2133,4131059000,18478,11148,3471,2981,3093,848,298,41,4,4,4,2,5,8,52,29,79,35,5,2,5,4,19,10989,159,7330
경기도 남양주시 ,시군구,남양주시,,4136000000,516170,282333,89495,71836,78272,19445,8877,1488,210,245,141,126,123,241,1674,609,1830,1073,167,23,125,107,576,276683,5650,233837
경기도 남양주시 와부읍,읍면동,와부읍,2136,4136025000,52709,31866,10287,7907,8872,2461,871,143,13,18,16,11,11,23,182,56,283,107,14,1,14,7,64,31361,505,20843
경기도 남양주시 진접읍,읍면동,진접읍,2135,4136025300,70470,34179,10783,8514,9830,2302,1133,181,14,25,15,16,13,32,200,74,178,90,18,0,13,14,81,33526,653,36291
경기도 남양주시 화도읍,읍면동,화도읍,2134,4136025600,76532,36236,12188,9441,9180,2198,1301,225,18,30,20,15,16,39,219,63,189,153,18,6,15,19,73,35426,810,40296
경기도 남양주시 화도읍동부출장소,읍면동,,,4136025700,#N/A,#N/A,#N/A,#N/A,#N/A,#N/A,#N/A,#N/A,#N/A,#N/A,#N/A,#N/A,#N/A,#N/A,#N/A,#N/A,#N/A,#N/A,#N/A,#N/A,#N/A,#N/A,#N/A,#N/A,#N/A,#N/A
경기도 남양주시 화도읍남부출장소,읍면동,,,4136025800,#N/A,#N/A,#N/A,#N/A,#N/A,#N/A,#N/A,#N/A,#N/A,#N/A,#N/A,#N/A,#N/A,#N/A,#N/A,#N/A,#N/A,#N/A,#N/A,#N/A,#N/A,#N/A,#N/A,#N/A,#N/A,#N/A
경기도 남양주시 진건읍,읍면동,진건읍,2136,4136025900,22184,11056,4194,2549,2683,557,450,67,7,8,4,5,6,4,68,23,47,38,6,5,4,8,31,10764,292,11128
경기도 남양주시 오남읍,읍면동,오남읍,2135,4136026200,40707,19229,5938,4766,5539,1288,633,102,12,12,11,12,7,16,136,41,114,63,13,3,8,9,44,18767,462,21478
경기도 남양주시 퇴계원읍,읍면동,퇴계원읍,2136,4136026500,#N/A,#N/A,#N/A,#N/A,#N/A,#N/A,#N/A,#N/A,#N/A,#N/A,#N/A,#N/A,#N/A,#N/A,#N/A,#N/A,#N/A,#N/A,#N/A,#N/A,#N/A,#N/A,#N/A,#N/A,#N/A,#N/A
경기도 남양주시 별내면,읍면동,별내면,2135,4136031000,16577,9095,2850,2101,2739,665,273,28,3,7,3,4,2,6,55,20,60,36,6,1,2,3,13,8877,218,7482
경기도 남양주시 수동면,읍면동,수동면,2134,4136034000,7490,3974,1857,622,706,175,287,34,6,3,10,2,5,6,32,4,27,13,3,0,4,1,18,3815,159,3516
경기도 남양주시 조안면,읍면동,조안면,2136,4136036000,3513,1918,924,353,359,120,39,5,1,1,2,0,0,3,9,2,34,4,0,0,0,0,6,1862,56,1595
경기도 남양주시 호평동,읍면동,호평동,2134,4136051000,34657,19449,5251,5471,5706,1516,588,115,12,8,8,6,5,13,99,37,131,121,15,0,8,2,34,19146,303,15208
경기도 남양주시 평내동,읍면동,평내동,2134,4136052000,30019,16801,4777,4573,4758,1286,583,104,7,17,2,2,10,14,122,21,100,77,9,1,9,3,25,16500,301,13218
경기도 남양주시 금곡동,읍면동,금곡동,2136,4136053000,18388,9187,3532,2049,2266,416,368,48,6,9,10,6,2,7,72,24,39,25,2,1,5,3,19,8909,278,9201
경기도 남양주시 양정동,읍면동,양정동,2136,4136054000,4574,2358,1038,438,575,82,94,10,0,4,0,2,3,2,14,5,7,2,1,0,4,4,2,2287,71,2216
경기도 남양주시 다산1동,읍면동,다산1동,2136,4136054500,#N/A,#N/A,#N/A,#N/A,#N/A,#N/A,#N/A,#N/A,#N/A,#N/A,#N/A,#N/A,#N/A,#N/A,#N/A,#N/A,#N/A,#N/A,#N/A,#N/A,#N/A,#N/A,#N/A,#N/A,#N/A,#N/A
경기도 남양주시 다산2동,읍면동,다산2동,2136,4136056500,#N/A,#N/A,#N/A,#N/A,#N/A,#N/A,#N/A,#N/A,#N/A,#N/A,#N/A,#N/A,#N/A,#N/A,#N/A,#N/A,#N/A,#N/A,#N/A,#N/A,#N/A,#N/A,#N/A,#N/A,#N/A,#N/A
경기도 남양주시 별내동,읍면동,별내동,2135,4136057000,46998,26355,7004,6984,8535,2028,769,85,14,10,5,3,4,12,145,45,189,90,10,1,13,6,36,25988,367,20643
경기도 오산시 ,시군구,오산시,,4137000000,157550,82075,24129,23679,21149,5291,2593,847,69,81,23,32,33,96,504,218,421,431,78,7,32,44,188,79945,2130,75475
경기도 오산시 중앙동,읍면동,중앙동,2137,4137051000,21536,12130,3917,3337,2997,733,324,118,4,15,2,2,3,15,77,16,78,54,15,0,4,8,33,11752,378,9406
경기도 오산시 남촌동,읍면동,남촌동,2137,4137053000,19309,6569,1905,1944,1644,465,185,75,2,10,1,3,4,7,35,24,30,32,9,0,2,4,18,6399,170,12740
경기도 오산시 신장동,읍면동,신장동,2137,4137054000,38218,18945,5609,5352,4874,1159,668,207,13,10,6,3,9,21,143,47,94,113,7,0,12,9,44,18400,545,19273
경기도 오산시 세마동,읍면동,세마동,2137,4137055000,13654,8116,2270,2348,2243,586,243,48,7,6,1,2,2,6,47,16,50,37,5,0,0,5,11,7933,183,5538
경기도 오산시 초평동,읍면동,초평동,2137,4137056000,12355,6071,1860,1751,1508,320,216,73,4,3,0,3,6,8,47,19,21,40,8,1,3,7,11,5909,162,6284
경기도 오산시 대원동,읍면동,대원동,2137,4137057000,47022,24989,7235,7142,6657,1625,861,258,13,21,11,13,8,28,132,76,108,126,20,3,9,9,59,24414,575,22033
경기도 시흥시 ,시군구,시흥시,,4139000000,314061,170065,51714,48492,45142,9846,5211,1328,161,158,69,81,47,147,1146,441,821,882,124,16,65,76,359,166326,3739,143996
경기도 시흥시 대야동,읍면동,대야동,2138,4139051000,27064,15707,5451,4130,3838,907,522,106,5,17,7,6,8,12,116,28,102,65,10,2,3,6,33,15374,333,11357
경기도 시흥시 신천동,읍면동,신천동,2138,4139052000,33050,17256,5851,4826,4112,751,631,150,7,18,6,14,4,17,138,38,78,67,11,1,7,13,55,16795,461,15794
경기도 시흥시 신현동,읍면동,신현동,2138,4139053100,9325,5608,2223,1363,1209,240,233,47,1,1,0,1,3,5,45,11,36,18,3,2,1,1,18,5461,147,3717
경기도 시흥시 은행동,읍면동,은행동,2138,4139054000,22548,13701,4190,4124,3413,809,419,115,11,13,7,6,2,12,117,34,55,88,10,1,2,8,26,13462,239,8847
경기도 시흥시 매화동,읍면동,매화동,2138,4139055000,10726,6121,2380,1480,1413,293,194,38,5,4,5,3,0,6,43,11,27,46,0,1,1,4,20,5974,147,4605
경기도 시흥시 목감동,읍면동,목감동,2138,4139057000,9869,5507,2114,1352,1270,287,154,31,1,7,2,2,1,2,39,9,24,26,4,1,2,5,18,5351,156,4362
경기도 시흥시 군자동,읍면동,군자동,2139,4139058100,19797,9076,2787,2368,2493,416,362,77,9,8,8,3,5,10,88,26,37,43,8,2,6,7,16,8779,297,10721
경기도 시흥시 월곶동,읍면동,월곶동,2139,4139058200,12500,6235,1759,1858,1727,358,212,50,3,0,3,2,3,6,32,11,24,21,3,1,1,2,7,6083,152,6265
경기도 시흥시 정왕본동,읍면동,정왕본동,2139,4139058900,21575,7375,1929,2092,2350,482,182,61,5,4,2,3,3,4,30,21,20,25,2,1,7,2,11,7236,139,14200
경기도 시흥시 정왕1동,읍면동,정왕1동,2139,4139059100,22195,8801,2246,2655,2614,515,281,78,6,7,5,5,3,12,66,17,25,38,8,2,2,4,19,8608,193,13394
경기도 시흥시 정왕2동,읍면동,정왕2동,2139,4139059200,25768,13349,3472,3884,4039,820,366,104,11,11,4,7,1,9,92,40,64,85,7,0,1,5,23,13045,304,12419
경기도 시흥시 정왕3동,읍면동,정왕3동,2139,4139059300,20571,9758,2579,2862,2939,637,224,76,6,4,3,5,1,6,56,34,30,56,7,0,5,4,24,9558,200,10813
경기도 시흥시 정왕4동,읍면동,정왕4동,2139,4139059400,23140,13297,3193,4169,3980,893,459,95,8,4,6,5,4,16,74,27,56,77,8,0,3,4,11,13092,205,9843
경기도 시흥시 배곧1동,읍면동,배곧1동,2139,4139059600,#N/A,#N/A,#N/A,#N/A,#N/A,#N/A,#N/A,#N/A,#N/A,#N/A,#N/A,#N/A,#N/A,#N/A,#N/A,#N/A,#N/A,#N/A,#N/A,#N/A,#N/A,#N/A,#N/A,#N/A,#N/A,#N/A
경기도 시흥시 배곧2동,읍면동,배곧2동,2139,4139059700,#N/A,#N/A,#N/A,#N/A,#N/A,#N/A,#N/A,#N/A,#N/A,#N/A,#N/A,#N/A,#N/A,#N/A,#N/A,#N/A,#N/A,#N/A,#N/A,#N/A,#N/A,#N/A,#N/A,#N/A,#N/A,#N/A
경기도 시흥시 과림동,읍면동,과림동,2138,4139062100,2004,1140,620,184,194,36,43,0,1,1,0,0,1,0,6,1,2,3,3,0,1,1,3,1100,40,864
경기도 시흥시 연성동,읍면동,연성동,2138,4139063000,18025,11197,3488,3257,2797,756,359,88,5,10,1,2,3,8,52,32,54,60,7,0,3,5,19,11006,191,6828
경기도 시흥시 장곡동,읍면동,장곡동,2138,4139063100,12738,7828,2123,2477,2144,514,225,40,4,7,2,3,1,1,41,21,45,62,4,1,1,0,13,7729,99,4910
경기도 시흥시 능곡동,읍면동,능곡동,2138,4139064000,11559,6910,2142,1867,1915,421,216,37,6,3,2,0,2,3,54,10,38,39,3,0,7,0,7,6772,138,4649
경기도 군포시 ,시군구,군포시,,4141000000,229680,144149,40353,38392,42788,11998,3553,592,92,120,51,52,38,102,789,311,1297,680,90,8,85,42,185,141618,2531,85531
경기도 군포시 군포1동,읍면동,군포1동,2140,4141051000,27951,14978,4677,3856,4244,993,461,62,9,15,8,5,9,9,103,29,120,54,8,0,12,7,23,14704,274,12973
경기도 군포시 군포2동,읍면동,군포2동,2140,4141052000,41817,26183,7269,7263,7813,2013,717,93,13,24,8,10,5,14,151,64,196,87,16,2,12,8,27,25805,378,15634
경기도 군포시 산본1동,읍면동,산본1동,2140,4141054000,16263,8660,2839,2197,2413,544,237,41,1,4,1,3,1,5,48,19,48,32,6,2,13,6,19,8479,181,7603
경기도 군포시 산본2동,읍면동,산본2동,2140,4141055000,22560,15004,4277,3842,4614,1325,349,53,3,8,6,3,1,13,64,20,117,82,3,0,4,3,13,14800,204,7556
경기도 군포시 금정동,읍면동,금정동,2140,4141056000,15600,7961,2480,2109,2126,512,237,39,1,6,5,4,1,5,50,18,65,24,9,1,5,1,10,7708,253,7639
경기도 군포시 재궁동,읍면동,재궁동,2140,4141057000,17921,10752,2811,2924,3223,891,314,60,5,8,3,4,2,5,63,19,105,75,7,0,11,1,16,10547,205,7169
경기도 군포시 오금동,읍면동,오금동,2140,4141058000,18369,12160,2977,3464,3743,1166,281,35,4,3,1,2,5,8,64,20,100,66,2,1,3,3,13,11961,199,6209
경기도 군포시 수리동,읍면동,수리동,2140,4141059000,15076,9896,2733,2498,3040,898,213,32,5,10,4,5,2,5,41,22,110,57,3,1,11,3,16,9709,187,5180
경기도 군포시 궁내동,읍면동,궁내동,2140,4141060000,15671,10514,2728,2680,3409,1068,182,30,1,6,4,6,0,8,45,28,106,55,5,1,4,1,7,10374,140,5157
경기도 군포시 대야동,읍면동,대야동,2140,4141061000,7658,4919,1442,1204,1318,480,164,21,6,5,2,1,2,2,39,11,99,20,7,0,2,2,8,4835,84,2739
경기도 군포시 광정동,읍면동,광정동,2140,4141062000,20389,13211,3655,3317,4171,1209,268,49,2,13,4,5,2,11,61,26,109,56,7,0,4,1,12,12982,229,7178
경기도 군포시 송부동,읍면동,송부동,2140,4141063000,#N/A,#N/A,#N/A,#N/A,#N/A,#N/A,#N/A,#N/A,#N/A,#N/A,#N/A,#N/A,#N/A,#N/A,#N/A,#N/A,#N/A,#N/A,#N/A,#N/A,#N/A,#N/A,#N/A,#N/A,#N/A,#N/A
경기도 의왕시 ,시군구,의왕시,,4143000000,127924,79320,23967,20287,21421,6913,1995,344,59,45,22,22,14,52,457,197,1777,223,38,4,35,17,108,77997,1323,48604
경기도 의왕시 고천동,읍면동,고천동,2132,4143051000,10276,6340,2378,1439,1583,433,145,27,3,3,1,3,2,2,36,11,109,12,3,1,5,2,10,6208,132,3936
경기도 의왕시 부곡동,읍면동,부곡동,2132,4143052000,20577,11767,3886,2838,3008,892,309,62,9,8,6,5,1,11,60,39,277,35,6,2,4,4,22,11484,283,8810
경기도 의왕시 오전동,읍면동,오전동,2132,4143053000,31485,18902,5761,4904,5210,1507,498,102,8,9,4,6,3,8,108,37,346,49,3,0,8,4,23,18598,304,12583
경기도 의왕시 내손1동,읍면동,내손1동,2132,4143054000,17173,10616,3126,2774,2985,955,244,28,4,7,6,0,0,5,53,24,222,33,3,0,3,1,9,10482,134,6557
경기도 의왕시 내손2동,읍면동,내손2동,2132,4143055000,25975,15939,4454,4091,4473,1574,453,65,6,3,1,4,5,13,95,41,363,51,8,0,11,2,17,15730,209,10036
경기도 의왕시 청계동,읍면동,청계동,2132,4143056000,16149,9793,2800,2415,2699,966,268,26,5,3,4,3,1,6,79,27,322,16,4,1,4,2,10,9661,132,6356
경기도 하남시 ,시군구,하남시,,4145000000,141310,82880,29604,19780,21938,5267,2000,449,56,56,43,27,24,67,488,148,458,375,51,4,35,23,185,81078,1802,58430
경기도 하남시 천현동,읍면동,천현동,2141,4145051000,6721,3297,1457,604,834,135,72,27,1,2,2,2,0,3,16,1,11,19,1,0,2,3,14,3206,91,3424
경기도 하남시 신장1동,읍면동,신장1동,2141,4145052000,6163,3234,1252,771,785,141,92,20,4,2,1,0,2,1,22,5,14,19,3,1,2,1,10,3148,86,2929
경기도 하남시 신장2동,읍면동,신장2동,2141,4145053000,34781,21183,7994,4927,5555,1285,419,105,9,15,8,6,7,16,113,36,107,68,9,1,8,5,34,20727,456,13598
경기도 하남시 덕풍1동,읍면동,덕풍1동,2141,4145054000,14374,7796,2859,1868,1949,432,228,37,4,5,2,1,4,4,53,10,39,49,5,0,4,3,29,7585,211,6578
경기도 하남시 덕풍2동,읍면동,덕풍2동,2141,4145055000,17253,9127,3509,2116,2277,496,235,54,6,6,7,5,1,9,61,12,39,53,4,0,3,1,17,8911,216,8126
경기도 하남시 덕풍3동,읍면동,덕풍3동,2141,4145056000,19564,10872,3790,2571,2830,716,338,70,4,4,9,1,2,13,80,20,73,58,9,0,5,6,24,10623,249,8692
경기도 하남시 풍산동,읍면동,풍산동,2141,4145057000,967,399,165,69,104,24,9,0,0,0,2,0,1,1,4,0,3,5,0,0,0,0,0,387,12,568
경기도 하남시 감북동,읍면동,감북동,2141,4145058000,3737,1869,880,331,427,71,69,7,1,1,3,1,0,1,19,1,2,7,0,0,3,0,6,1830,39,1868
경기도 하남시 감일동,읍면동,감일동,2141,4145058200,#N/A,#N/A,#N/A,#N/A,#N/A,#N/A,#N/A,#N/A,#N/A,#N/A,#N/A,#N/A,#N/A,#N/A,#N/A,#N/A,#N/A,#N/A,#N/A,#N/A,#N/A,#N/A,#N/A,#N/A,#N/A,#N/A
경기도 하남시 위례동,읍면동,위례동,2141,4145058500,4923,3287,884,859,1099,286,65,8,1,2,1,0,0,2,8,4,31,10,0,0,1,0,4,3265,22,1636
경기도 하남시 춘궁동,읍면동,춘궁동,2141,4145059000,3450,1937,1038,281,374,62,58,4,0,0,0,0,0,0,10,1,6,12,2,0,1,0,14,1863,74,1513
경기도 하남시 초이동,읍면동,초이동,2141,4145060000,3252,1652,765,310,374,67,56,8,0,1,0,1,1,0,6,2,0,7,0,1,0,0,6,1605,47,1600
경기도 하남시 미사1동,읍면동,미사1동,2141,4145061000,4477,2656,763,680,853,214,55,8,1,2,0,1,1,1,20,4,11,10,3,0,0,0,3,2630,26,1821
경기도 하남시 미사2동,읍면동,미사2동,2141,4145062000,15341,9555,2473,2629,2950,864,220,44,7,5,4,4,2,4,47,23,77,33,5,0,3,1,11,9406,149,5786
경기도 용인시 ,시군구,용인시,,4146000000,#N/A,#N/A,#N/A,#N/A,#N/A,#N/A,#N/A,#N/A,#N/A,#N/A,#N/A,#N/A,#N/A,#N/A,#N/A,#N/A,#N/A,#N/A,#N/A,#N/A,#N/A,#N/A,#N/A,#N/A,#N/A,#N/A
경기도 용인시 처인구 ,행정구,용인시처인구,,4146100000,178036,96325,35629,22756,23569,5341,2757,640,97,92,54,44,44,95,578,229,543,407,82,15,48,60,292,93372,2953,81711
경기도 용인시 처인구 포곡읍,읍면동,포곡읍,2142,4146125000,25737,13143,4361,3375,3273,723,514,94,8,17,4,10,1,14,93,36,77,75,6,1,8,10,33,12733,410,12594
경기도 용인시 처인구 모현읍,읍면동,모현읍,2142,4146125300,#N/A,#N/A,#N/A,#N/A,#N/A,#N/A,#N/A,#N/A,#N/A,#N/A,#N/A,#N/A,#N/A,#N/A,#N/A,#N/A,#N/A,#N/A,#N/A,#N/A,#N/A,#N/A,#N/A,#N/A,#N/A,#N/A
경기도 용인시 처인구 이동읍,읍면동,이동읍,2142,4146125600,#N/A,#N/A,#N/A,#N/A,#N/A,#N/A,#N/A,#N/A,#N/A,#N/A,#N/A,#N/A,#N/A,#N/A,#N/A,#N/A,#N/A,#N/A,#N/A,#N/A,#N/A,#N/A,#N/A,#N/A,#N/A,#N/A
경기도 용인시 처인구 남사읍,읍면동,남사읍,2142,4146125900,#N/A,#N/A,#N/A,#N/A,#N/A,#N/A,#N/A,#N/A,#N/A,#N/A,#N/A,#N/A,#N/A,#N/A,#N/A,#N/A,#N/A,#N/A,#N/A,#N/A,#N/A,#N/A,#N/A,#N/A,#N/A,#N/A
경기도 용인시 처인구 원삼면,읍면동,원삼면,2142,4146134000,6435,3901,2022,525,747,200,76,22,2,3,3,1,2,9,19,7,34,2,3,0,2,3,17,3699,202,2534
경기도 용인시 처인구 백암면,읍면동,백암면,2142,4146135000,7709,4158,2124,727,741,125,96,48,9,4,10,3,6,7,23,4,13,6,4,4,3,5,22,3984,174,3551
경기도 용인시 처인구 양지면,읍면동,양지면,2142,4146136000,13531,6952,2760,1484,1663,431,179,23,5,5,4,1,4,7,41,10,57,24,7,0,3,6,15,6729,223,6579
경기도 용인시 처인구 중앙동,읍면동,중앙동,2142,4146151000,18924,10047,3824,2496,2349,524,237,69,3,12,2,9,5,8,57,24,52,48,9,0,2,3,25,9758,289,8877
경기도 용인시 처인구 역북동,읍면동,역북동,2142,4146152500,#N/A,#N/A,#N/A,#N/A,#N/A,#N/A,#N/A,#N/A,#N/A,#N/A,#N/A,#N/A,#N/A,#N/A,#N/A,#N/A,#N/A,#N/A,#N/A,#N/A,#N/A,#N/A,#N/A,#N/A,#N/A,#N/A
경기도 용인시 처인구 삼가동,읍면동,삼가동,2142,4146152600,#N/A,#N/A,#N/A,#N/A,#N/A,#N/A,#N/A,#N/A,#N/A,#N/A,#N/A,#N/A,#N/A,#N/A,#N/A,#N/A,#N/A,#N/A,#N/A,#N/A,#N/A,#N/A,#N/A,#N/A,#N/A,#N/A
경기도 용인시 처인구 유림동,읍면동,유림동,2142,4146153000,23923,12259,3944,3112,3272,722,451,81,13,8,5,3,3,9,95,32,48,64,13,4,4,7,36,11926,333,11664
경기도 용인시 처인구 동부동,읍면동,동부동,2142,4146154000,11559,6167,2405,1416,1499,313,142,44,4,5,2,4,1,6,25,11,26,28,7,1,2,3,22,5966,201,5392
경기도 용인시 기흥구 ,행정구,용인시기흥구,,4146300000,372239,236670,66652,69156,63622,19697,7201,912,129,116,73,52,39,131,1359,385,1791,1350,128,3,91,41,254,233182,3488,135569
경기도 용인시 기흥구 신갈동,읍면동,신갈동,2143,4146351000,27743,16333,4564,4578,4539,1242,652,95,8,8,7,4,1,8,102,31,99,118,12,0,6,9,22,16105,228,11410
경기도 용인시 기흥구 영덕1동,읍면동,영덕1동,2143,4146351600,#N/A,#N/A,#N/A,#N/A,#N/A,#N/A,#N/A,#N/A,#N/A,#N/A,#N/A,#N/A,#N/A,#N/A,#N/A,#N/A,#N/A,#N/A,#N/A,#N/A,#N/A,#N/A,#N/A,#N/A,#N/A,#N/A
경기도 용인시 기흥구 영덕2동,읍면동,영덕2동,2143,4146351700,#N/A,#N/A,#N/A,#N/A,#N/A,#N/A,#N/A,#N/A,#N/A,#N/A,#N/A,#N/A,#N/A,#N/A,#N/A,#N/A,#N/A,#N/A,#N/A,#N/A,#N/A,#N/A,#N/A,#N/A,#N/A,#N/A
경기도 용인시 기흥구 구갈동,읍면동,구갈동,2143,4146352000,20915,11668,3013,3629,3133,959,317,56,1,8,2,4,2,7,55,32,101,86,5,1,5,2,15,11433,235,9247
경기도 용인시 기흥구 상갈동,읍면동,상갈동,2143,4146353000,33648,20158,5604,5725,5582,1657,632,95,11,7,5,6,8,6,131,33,152,138,13,0,11,4,17,19837,321,13490
경기도 용인시 기흥구 보라동,읍면동,보라동,2143,4146353500,#N/A,#N/A,#N/A,#N/A,#N/A,#N/A,#N/A,#N/A,#N/A,#N/A,#N/A,#N/A,#N/A,#N/A,#N/A,#N/A,#N/A,#N/A,#N/A,#N/A,#N/A,#N/A,#N/A,#N/A,#N/A,#N/A
경기도 용인시 기흥구 기흥동,읍면동,기흥동,2143,4146354000,16817,8983,2729,2468,2355,626,346,50,6,5,5,0,0,3,60,17,63,55,5,0,6,5,19,8823,160,7834
경기도 용인시 기흥구 서농동,읍면동,서농동,2143,4146355000,15041,8690,1833,2785,2579,846,268,39,5,8,8,1,1,4,44,12,65,48,6,0,2,1,10,8565,125,6351
경기도 용인시 기흥구 구성동,읍면동,구성동,2145,4146356000,29979,19081,6391,4833,4721,1456,881,53,2,9,7,4,2,10,162,24,117,83,9,0,15,3,16,18798,283,10898
경기도 용인시 기흥구 마북동,읍면동,마북동,2145,4146357000,23899,15549,5757,3672,3939,1042,552,43,5,9,0,4,5,6,90,17,108,66,14,0,7,1,15,15352,197,8350
경기도 용인시 기흥구 동백1동,읍면동,동백1동,2145,4146357200,#N/A,#N/A,#N/A,#N/A,#N/A,#N/A,#N/A,#N/A,#N/A,#N/A,#N/A,#N/A,#N/A,#N/A,#N/A,#N/A,#N/A,#N/A,#N/A,#N/A,#N/A,#N/A,#N/A,#N/A,#N/A,#N/A
경기도 용인시 기흥구 동백2동,읍면동,동백2동,2145,4146357500,#N/A,#N/A,#N/A,#N/A,#N/A,#N/A,#N/A,#N/A,#N/A,#N/A,#N/A,#N/A,#N/A,#N/A,#N/A,#N/A,#N/A,#N/A,#N/A,#N/A,#N/A,#N/A,#N/A,#N/A,#N/A,#N/A
경기도 용인시 기흥구 동백3동,읍면동,동백3동,2143,4146357700,#N/A,#N/A,#N/A,#N/A,#N/A,#N/A,#N/A,#N/A,#N/A,#N/A,#N/A,#N/A,#N/A,#N/A,#N/A,#N/A,#N/A,#N/A,#N/A,#N/A,#N/A,#N/A,#N/A,#N/A,#N/A,#N/A
경기도 용인시 기흥구 상하동,읍면동,상하동,2143,4146358600,17980,10451,3040,3045,2792,738,361,51,7,5,2,2,3,3,62,21,75,58,5,0,3,3,9,10285,166,7529
경기도 용인시 기흥구 보정동,읍면동,보정동,2145,4146359000,27010,17894,6089,4714,4654,1404,452,36,4,4,8,4,5,7,69,15,135,63,7,0,6,0,13,17689,205,9116
경기도 용인시 수지구 ,행정구,용인시수지구,,4146500000,204021,131009,41821,31490,37588,11872,2924,352,76,91,35,28,30,80,609,201,1346,401,59,7,48,18,154,129230,1779,73012
경기도 용인시 수지구 풍덕천1동,읍면동,풍덕천1동,2144,4146551000,28704,17310,4690,4708,5148,1601,426,64,11,9,4,6,3,11,83,31,177,62,11,0,1,2,19,17067,243,11394
경기도 용인시 수지구 풍덕천2동,읍면동,풍덕천2동,2144,4146552000,27748,17914,4860,4822,5293,1874,368,48,10,8,7,1,3,6,84,32,165,65,10,0,1,3,15,17675,239,9834
경기도 용인시 수지구 신봉동,읍면동,신봉동,2144,4146553000,26091,16778,5616,3872,4838,1503,400,35,4,8,4,1,6,3,90,23,118,36,5,3,6,0,17,16588,190,9313
경기도 용인시 수지구 죽전1동,읍면동,죽전1동,2145,4146554000,#N/A,#N/A,#N/A,#N/A,#N/A,#N/A,#N/A,#N/A,#N/A,#N/A,#N/A,#N/A,#N/A,#N/A,#N/A,#N/A,#N/A,#N/A,#N/A,#N/A,#N/A,#N/A,#N/A,#N/A,#N/A,#N/A
경기도 용인시 수지구 죽전2동,읍면동,죽전2동,2144,4146555000,#N/A,#N/A,#N/A,#N/A,#N/A,#N/A,#N/A,#N/A,#N/A,#N/A,#N/A,#N/A,#N/A,#N/A,#N/A,#N/A,#N/A,#N/A,#N/A,#N/A,#N/A,#N/A,#N/A,#N/A,#N/A,#N/A
경기도 용인시 수지구 죽전3동,읍면동,죽전3동,2145,4146555500,#N/A,#N/A,#N/A,#N/A,#N/A,#N/A,#N/A,#N/A,#N/A,#N/A,#N/A,#N/A,#N/A,#N/A,#N/A,#N/A,#N/A,#N/A,#N/A,#N/A,#N/A,#N/A,#N/A,#N/A,#N/A,#N/A
경기도 용인시 수지구 동천동,읍면동,동천동,2144,4146556000,25342,16059,4902,3791,4617,1633,340,37,12,12,7,4,2,8,62,34,291,55,0,1,9,3,19,15839,220,9283
경기도 용인시 수지구 상현1동,읍면동,상현1동,2144,4146557000,33572,20653,6358,4953,6119,1927,497,43,9,11,1,5,5,17,94,23,184,68,9,0,10,1,24,20358,295,12919
경기도 용인시 수지구 상현2동,읍면동,상현2동,2145,4146558000,24195,15823,5266,3711,4520,1347,376,40,7,10,3,4,2,8,84,13,143,41,4,0,6,2,16,15603,220,8372
경기도 용인시 수지구 상현3동,읍면동,상현3동,-,4146558500,#N/A,#N/A,#N/A,#N/A,#N/A,#N/A,#N/A,#N/A,#N/A,#N/A,#N/A,#N/A,#N/A,#N/A,#N/A,#N/A,#N/A,#N/A,#N/A,#N/A,#N/A,#N/A,#N/A,#N/A,#N/A,#N/A
경기도 용인시 수지구 성복동,읍면동,성복동,2144,4146559000,28510,17532,7511,3090,4790,1121,390,28,5,11,5,2,6,12,80,16,162,47,6,1,12,4,19,17318,214,10978
경기도 파주시 ,시군구,파주시,,4148000000,333945,189474,62748,51253,43289,13418,5756,1559,175,222,102,103,81,208,1101,562,1874,1006,158,13,101,93,570,184392,5082,144471
경기도 파주시 문산읍,읍면동,문산읍,2147,4148025000,36953,19920,7610,5364,3682,1009,669,207,25,16,21,18,12,31,96,62,114,71,23,1,22,17,82,19152,768,17033
경기도 파주시 파주읍,읍면동,파주읍,2147,4148025300,11620,6083,2951,1191,946,267,181,69,8,5,7,5,3,14,35,9,36,25,6,3,4,0,36,5801,282,5537
경기도 파주시 법원읍,읍면동,법원읍,2147,4148025600,10233,5439,2694,1009,795,185,212,75,10,5,4,6,6,5,31,10,25,22,7,0,5,5,41,5152,287,4794
경기도 파주시 조리읍,읍면동,조리읍,2146,4148026200,24621,12781,5062,2854,2937,704,442,75,6,10,6,1,7,10,86,30,95,49,4,1,7,8,31,12425,356,11840
경기도 파주시 월롱면,읍면동,월롱면,2147,4148031000,11757,6011,1524,2262,1291,303,76,132,11,21,4,10,2,13,23,26,38,24,10,1,1,4,25,5801,210,5746
경기도 파주시 탄현면,읍면동,탄현면,2146,4148032000,11011,5536,2181,1183,1123,425,118,27,6,5,1,2,5,4,26,28,166,29,1,0,9,1,20,5360,176,5475
경기도 파주시 광탄면,읍면동,광탄면,2146,4148035000,10412,5075,2389,905,943,247,201,40,2,9,3,1,4,4,42,14,18,19,8,0,3,5,24,4881,194,5337
경기도 파주시 파평면,읍면동,파평면,2147,4148036000,3577,2254,1182,412,301,78,49,18,2,3,2,0,3,5,7,3,35,5,7,0,2,5,19,2138,116,1323
경기도 파주시 적성면,읍면동,적성면,2147,4148037000,6387,3602,1858,623,549,104,120,31,3,2,6,9,2,5,23,4,24,4,1,1,2,3,35,3409,193,2785
경기도 파주시 장단면,읍면동,장단면,2147,4148039000,#N/A,#N/A,#N/A,#N/A,#N/A,#N/A,#N/A,#N/A,#N/A,#N/A,#N/A,#N/A,#N/A,#N/A,#N/A,#N/A,#N/A,#N/A,#N/A,#N/A,#N/A,#N/A,#N/A,#N/A,#N/A,#N/A
경기도 파주시 금촌1동,읍면동,금촌1동,2147,4148051000,18776,8940,3545,2179,1739,458,297,100,6,11,8,4,3,22,57,27,80,36,12,1,4,11,39,8639,301,9836
경기도 파주시 금촌2동,읍면동,금촌2동,2147,4148052000,25626,15016,4354,4388,3670,1070,446,173,11,19,10,4,3,16,109,51,152,80,12,0,6,8,41,14623,393,10610
경기도 파주시 금촌3동,읍면동,금촌3동,2147,4148053000,21892,11959,4033,3343,2635,696,382,123,10,14,3,5,5,15,84,32,98,58,9,0,3,7,39,11594,365,9933
경기도 파주시 교하동,읍면동,교하동,2146,4148054000,29440,16264,4468,4539,4210,1570,519,79,10,8,4,4,5,11,88,55,252,136,5,1,7,5,20,15996,268,13176
경기도 파주시 운정1동,읍면동,운정1동,2146,4148055000,32041,18885,4973,5689,5236,1560,560,89,11,16,8,2,5,8,94,44,163,106,9,0,7,3,27,18610,275,13156
경기도 파주시 운정2동,읍면동,운정2동,2146,4148056000,25326,15408,4028,4515,4295,1398,442,79,4,17,3,6,5,7,94,32,148,85,8,2,6,2,17,15193,215,9918
경기도 파주시 운정3동,읍면동,운정3동,2146,4148057000,38654,21551,5611,6203,5791,2042,763,98,7,16,6,10,5,15,136,58,250,145,10,2,6,2,31,21207,344,17103
경기도 이천시 ,시군구,이천시,,4150000000,162725,86135,34850,21017,16819,4359,2511,800,126,156,48,47,64,99,620,263,444,338,93,16,41,51,426,83188,2947,76590
경기도 이천시 장호원읍,읍면동,장호원읍,2148,4150025000,12372,6306,3196,1142,1068,221,188,44,9,12,8,4,3,7,31,12,15,19,7,3,4,2,37,6032,274,6066
경기도 이천시 부발읍,읍면동,부발읍,2148,4150025300,27078,13488,4236,4046,3035,854,424,144,15,17,7,5,8,12,98,53,55,42,13,1,6,8,43,13122,366,13590
경기도 이천시 신둔면,읍면동,신둔면,2148,4150031000,8716,4346,2035,871,811,192,131,30,5,3,1,2,5,8,36,7,14,13,1,0,0,0,27,4192,154,4370
경기도 이천시 백사면,읍면동,백사면,2148,4150032000,8103,3963,1807,857,685,175,130,29,8,8,0,0,9,7,26,10,11,17,3,0,0,4,15,3801,162,4140
경기도 이천시 호법면,읍면동,호법면,2148,4150033000,4846,2642,1424,445,414,91,92,15,5,2,1,1,1,4,17,2,8,8,4,1,1,0,14,2550,92,2204
경기도 이천시 마장면,읍면동,마장면,2148,4150034000,6964,3425,1775,593,530,119,115,30,3,3,1,1,2,0,14,5,26,4,3,0,2,3,24,3253,172,3539
경기도 이천시 대월면,읍면동,대월면,2148,4150035000,10232,5096,1834,1341,1036,285,215,57,7,6,1,3,2,6,37,11,37,17,4,0,3,4,24,4930,166,5136
경기도 이천시 모가면,읍면동,모가면,2148,4150036000,4075,2382,1297,351,354,68,72,24,6,3,1,0,0,6,25,6,7,7,1,0,0,4,26,2258,124,1693
경기도 이천시 설성면,읍면동,설성면,2148,4150037000,4452,2632,1515,349,366,59,38,20,4,1,4,3,4,5,18,5,5,4,3,0,3,3,29,2438,194,1820
경기도 이천시 율면,읍면동,율면,2148,4150038000,2600,1463,744,218,230,62,24,11,1,1,0,2,2,0,5,1,10,5,4,0,3,4,14,1341,122,1137
경기도 이천시 창전동,읍면동,창전동,2148,4150051000,15339,7245,3178,1565,1289,326,246,77,7,36,2,6,6,8,70,23,52,37,9,2,2,2,41,6984,261,8094
경기도 이천시 증포동,읍면동,증포동,2148,4150051500,29760,15481,5065,4604,3592,924,394,133,9,24,11,8,6,16,125,58,67,84,12,6,7,5,49,15199,282,14279
경기도 이천시 중리동,읍면동,중리동,2148,4150052000,12346,6338,2790,1373,1244,286,188,42,7,13,4,2,6,3,49,15,28,20,5,0,3,6,26,6110,228,6008
경기도 이천시 관고동,읍면동,관고동,2148,4150053000,8843,4592,1919,1123,853,224,148,44,7,8,2,2,2,6,29,8,28,20,5,1,3,3,22,4457,135,4251
경기도 안성시 ,시군구,안성시,,4155000000,145259,77808,29119,18990,18048,3751,1802,629,93,73,34,47,51,103,437,190,463,712,53,14,34,46,366,75055,2753,67451
경기도 안성시 공도읍,읍면동,공도읍,2149,4155025000,39948,20090,6098,5544,5323,1197,656,118,18,18,4,16,5,12,146,57,136,172,18,5,10,5,44,19602,488,19858
경기도 안성시 보개면,읍면동,보개면,2149,4155031000,5163,2897,1275,541,551,121,113,29,2,2,4,4,3,7,19,4,13,26,2,2,1,2,20,2741,156,2266
경기도 안성시 금광면,읍면동,금광면,2149,4155032000,6563,3663,1412,924,799,178,61,36,1,1,2,0,3,5,11,8,25,26,0,1,1,3,13,3510,153,2900
경기도 안성시 서운면,읍면동,서운면,2149,4155033000,3365,1914,939,365,354,50,33,20,3,4,0,0,3,3,9,2,4,15,1,0,0,3,15,1823,91,1451
경기도 안성시 미양면,읍면동,미양면,2149,4155034000,5969,2960,1206,643,668,101,78,29,2,4,0,2,2,1,19,6,11,24,1,1,2,4,25,2829,131,3009
경기도 안성시 대덕면,읍면동,대덕면,2149,4155035000,10871,4526,1692,1094,1045,229,112,39,3,2,0,1,2,8,36,12,21,48,1,0,1,1,23,4370,156,6345
경기도 안성시 양성면,읍면동,양성면,2149,4155036000,4731,2533,1234,409,481,71,76,19,5,1,1,0,2,9,12,5,15,22,1,0,4,3,19,2389,144,2198
경기도 안성시 원곡면,읍면동,원곡면,2149,4155038000,4126,2061,861,419,468,83,44,11,0,6,3,2,3,1,13,3,7,11,1,1,0,2,18,1957,104,2065
경기도 안성시 일죽면,읍면동,일죽면,2149,4155039000,6823,3535,1702,650,730,108,69,26,7,2,2,0,1,4,14,8,14,4,1,1,3,4,26,3376,159,3288
경기도 안성시 죽산면,읍면동,죽산면,2149,4155040000,6284,3224,1537,671,570,114,58,33,3,2,2,1,4,4,6,5,11,7,1,1,0,5,26,3061,163,3060
경기도 안성시 삼죽면,읍면동,삼죽면,2149,4155041000,3111,1746,753,396,324,42,39,23,2,0,2,0,0,1,10,4,7,16,0,0,0,3,13,1635,111,1365
경기도 안성시 고삼면,읍면동,고삼면,2149,4155042000,1876,1175,527,234,241,39,26,7,2,0,1,0,2,2,3,0,4,10,0,0,1,1,10,1110,65,701
경기도 안성시 안성1동,읍면동,안성1동,2149,4155051000,10740,6032,2475,1305,1363,279,116,54,10,4,2,3,6,16,39,8,36,53,2,0,2,2,27,5802,230,4708
경기도 안성시 안성2동,읍면동,안성2동,2149,4155052000,13867,7152,2498,1919,1746,353,95,59,4,9,4,4,5,4,28,18,41,99,5,2,5,3,29,6930,222,6715
경기도 안성시 안성3동,읍면동,안성3동,2149,4155053000,16429,9130,3323,2294,2234,440,172,72,10,2,2,5,7,13,46,21,53,125,7,0,0,2,42,8870,260,7299
경기도 김포시 ,시군구,김포시,,4157000000,273557,158702,54213,42480,38691,11162,4284,825,103,142,55,65,46,126,919,336,950,485,105,17,119,48,336,155507,3195,114855
경기도 김포시 통진읍,읍면동,통진읍,2151,4157025000,21616,10538,4700,2392,2054,416,273,66,11,10,4,4,2,13,62,23,45,32,11,1,16,9,46,10190,348,11078
경기도 김포시 고촌읍,읍면동,고촌읍,2150,4157025300,20006,12230,4438,3066,2907,951,301,49,4,5,5,5,3,5,67,21,77,38,10,0,6,4,13,11975,255,7776
경기도 김포시 양촌읍,읍면동,양촌읍,2151,4157025600,20424,9701,4018,2241,2054,517,313,54,11,8,3,4,3,7,72,16,41,33,8,3,4,5,25,9440,261,10723
경기도 김포시 대곶면,읍면동,대곶면,2151,4157034000,8441,4057,2194,679,691,134,118,28,4,1,4,2,5,7,28,5,4,3,3,1,1,4,17,3933,124,4384
경기도 김포시 월곶면,읍면동,월곶면,2151,4157035000,4988,2576,1364,402,453,88,60,18,2,1,1,0,3,0,16,5,16,5,1,2,0,2,8,2447,129,2412
경기도 김포시 하성면,읍면동,하성면,2151,4157036000,7404,3934,2231,659,608,107,89,20,2,0,2,2,3,6,18,10,12,16,2,1,3,2,9,3802,132,3470
경기도 김포시 김포본동,읍면동,김포본동,2150,4157051500,#N/A,#N/A,#N/A,#N/A,#N/A,#N/A,#N/A,#N/A,#N/A,#N/A,#N/A,#N/A,#N/A,#N/A,#N/A,#N/A,#N/A,#N/A,#N/A,#N/A,#N/A,#N/A,#N/A,#N/A,#N/A,#N/A
경기도 김포시 장기본동,읍면동,장기본동,2151,4157052500,#N/A,#N/A,#N/A,#N/A,#N/A,#N/A,#N/A,#N/A,#N/A,#N/A,#N/A,#N/A,#N/A,#N/A,#N/A,#N/A,#N/A,#N/A,#N/A,#N/A,#N/A,#N/A,#N/A,#N/A,#N/A,#N/A
경기도 김포시 사우동,읍면동,사우동,2150,4157054000,17903,10268,3601,2846,2327,716,249,75,5,11,4,8,4,11,63,17,43,54,4,0,3,2,21,10064,204,7635
경기도 김포시 풍무동,읍면동,풍무동,2150,4157055000,31870,19746,6081,5326,5291,1570,599,93,8,16,12,9,4,16,108,38,116,85,10,0,10,0,26,19418,328,12124
경기도 김포시 장기동,읍면동,장기동,2150,4157056000,25355,14366,4248,4249,3762,1093,386,74,6,10,2,3,3,4,78,30,114,27,5,1,6,2,19,14122,244,10989
경기도 김포시 구래동,읍면동,구래동,2151,4157057000,22297,12455,3266,3752,3430,1062,372,60,5,5,2,0,4,6,71,21,87,28,12,2,49,1,16,12251,204,9842
경기도 김포시 마산동,읍면동,마산동,2151,4157057500,#N/A,#N/A,#N/A,#N/A,#N/A,#N/A,#N/A,#N/A,#N/A,#N/A,#N/A,#N/A,#N/A,#N/A,#N/A,#N/A,#N/A,#N/A,#N/A,#N/A,#N/A,#N/A,#N/A,#N/A,#N/A,#N/A
경기도 김포시 운양동,읍면동,운양동,2151,4157058000,16175,9612,2597,2881,2838,793,200,27,2,8,5,3,0,3,36,14,57,24,2,0,4,0,19,9513,99,6563
경기도 화성시 ,시군구,화성시,,4159000000,454909,253834,72932,74633,67088,18541,6603,1701,219,207,92,118,74,195,1551,729,1494,1279,176,14,144,104,584,248478,5356,201075
경기도 화성시 봉담읍,읍면동,봉담읍,2152,4159025300,48737,25186,7319,7366,6618,1667,758,139,25,19,11,8,7,24,174,70,165,152,15,1,19,9,69,24635,551,23551
경기도 화성시 우정읍,읍면동,우정읍,2152,4159025600,14373,7043,2796,1511,1408,456,194,98,2,4,4,7,5,11,43,42,23,87,8,3,5,6,26,6739,304,7330
경기도 화성시 향남읍,읍면동,향남읍,2152,4159025900,48779,23942,6909,6905,6126,1769,578,270,21,21,9,9,8,16,125,96,147,255,32,0,27,9,65,23397,545,24837
경기도 화성시 남양읍,읍면동,남양읍,2152,4159026200,19804,9530,3768,2239,2102,533,240,76,6,3,1,10,2,9,96,33,46,64,6,1,5,2,32,9274,256,10274
경기도 화성시 매송면,읍면동,매송면,2152,4159031000,6794,3440,1632,619,695,123,106,37,2,7,1,2,5,1,19,3,14,18,2,0,3,4,15,3308,132,3354
경기도 화성시 비봉면,읍면동,비봉면,2152,4159032000,4995,2656,1355,450,433,107,67,24,1,3,0,1,0,2,25,4,12,11,0,0,1,4,17,2517,139,2339
경기도 화성시 마도면,읍면동,마도면,2152,4159033000,5582,2764,1420,494,499,72,64,17,4,1,2,0,2,3,20,8,7,5,0,0,2,2,18,2640,124,2818
경기도 화성시 송산면,읍면동,송산면,2152,4159034000,9257,4575,2511,673,706,96,223,51,7,4,3,1,1,3,43,3,19,11,4,2,3,4,33,4401,174,4682
경기도 화성시 서신면,읍면동,서신면,2152,4159035000,5949,2791,1486,444,498,90,56,26,3,1,2,1,3,2,16,4,10,15,2,0,2,3,10,2674,117,3158
경기도 화성시 팔탄면,읍면동,팔탄면,2152,4159036000,8963,4120,1847,751,863,185,119,49,3,1,3,2,1,7,36,12,17,29,3,1,2,2,22,3955,165,4843
경기도 화성시 장안면,읍면동,장안면,2152,4159037000,9012,4251,1907,769,766,198,115,57,10,6,2,5,6,4,25,18,13,33,3,2,5,3,26,3973,278,4761
경기도 화성시 양감면,읍면동,양감면,2152,4159040000,3677,1780,924,317,322,56,26,19,2,2,0,1,3,4,13,1,7,6,0,0,3,0,11,1717,63,1897
경기도 화성시 정남면,읍면동,정남면,2152,4159041000,10126,4703,2188,910,908,190,177,33,2,2,1,5,1,3,28,11,28,17,5,0,3,1,24,4537,166,5423
경기도 화성시 새솔동,읍면동,새솔동,2152,4159051500,#N/A,#N/A,#N/A,#N/A,#N/A,#N/A,#N/A,#N/A,#N/A,#N/A,#N/A,#N/A,#N/A,#N/A,#N/A,#N/A,#N/A,#N/A,#N/A,#N/A,#N/A,#N/A,#N/A,#N/A,#N/A,#N/A
경기도 화성시 진안동,읍면동,진안동,2154,4159052000,26911,12882,3094,4425,3508,877,392,82,10,8,3,6,2,16,83,27,70,38,2,0,6,5,12,12666,216,14029
경기도 화성시 병점1동,읍면동,병점1동,2154,4159053000,20355,11320,2915,3698,3063,785,348,53,6,6,6,8,3,6,84,25,53,34,3,0,5,4,21,11126,194,9035
경기도 화성시 병점2동,읍면동,병점2동,2154,4159054000,18062,10385,2373,3540,2822,860,330,49,5,10,2,5,3,5,67,28,51,45,2,0,0,3,18,10218,167,7677
경기도 화성시 반월동,읍면동,반월동,2154,4159055000,17773,10752,2675,3639,2937,781,318,55,5,4,0,4,1,5,73,26,56,26,8,0,8,2,11,10634,118,7021
경기도 화성시 기배동,읍면동,기배동,2154,4159056000,10429,5615,1659,1675,1459,320,221,27,4,3,0,3,1,3,57,15,29,18,9,0,5,3,6,5517,98,4814
경기도 화성시 화산동,읍면동,화산동,2154,4159057000,17824,8750,2988,2500,2027,450,276,60,11,4,5,2,2,10,70,18,46,34,11,0,3,9,19,8545,205,9074
경기도 화성시 동탄1동,읍면동,동탄1동,2153,4159058500,35096,21408,4184,7214,6750,2139,391,93,5,11,5,5,2,5,67,38,154,90,10,1,8,4,12,21188,220,13688
경기도 화성시 동탄2동,읍면동,동탄2동,2153,4159058600,24310,15399,3102,4957,4856,1501,373,46,5,6,4,4,1,6,79,36,111,56,6,1,5,2,13,15170,229,8911
경기도 화성시 동탄3동,읍면동,동탄3동,2154,4159058700,28984,17260,2882,6073,5449,1739,458,64,3,12,3,8,1,5,83,54,108,55,14,0,4,4,23,17042,218,11724
경기도 화성시 동탄4동,읍면동,동탄4동,2153,4159058800,36876,23237,4991,7332,7594,2055,477,93,7,15,8,2,1,14,115,60,123,85,9,1,6,0,22,23010,227,13639
경기도 화성시 동탄5동,읍면동,동탄5동,2153,4159059000,#N/A,#N/A,#N/A,#N/A,#N/A,#N/A,#N/A,#N/A,#N/A,#N/A,#N/A,#N/A,#N/A,#N/A,#N/A,#N/A,#N/A,#N/A,#N/A,#N/A,#N/A,#N/A,#N/A,#N/A,#N/A,#N/A
경기도 화성시 동탄6동,읍면동,동탄6동,2153,4159060000,#N/A,#N/A,#N/A,#N/A,#N/A,#N/A,#N/A,#N/A,#N/A,#N/A,#N/A,#N/A,#N/A,#N/A,#N/A,#N/A,#N/A,#N/A,#N/A,#N/A,#N/A,#N/A,#N/A,#N/A,#N/A,#N/A
경기도 화성시 동탄7동,읍면동,동탄7동,2153,4159061000,#N/A,#N/A,#N/A,#N/A,#N/A,#N/A,#N/A,#N/A,#N/A,#N/A,#N/A,#N/A,#N/A,#N/A,#N/A,#N/A,#N/A,#N/A,#N/A,#N/A,#N/A,#N/A,#N/A,#N/A,#N/A,#N/A
경기도 화성시 동탄8동,읍면동,동탄8동,2153,4159062000,#N/A,#N/A,#N/A,#N/A,#N/A,#N/A,#N/A,#N/A,#N/A,#N/A,#N/A,#N/A,#N/A,#N/A,#N/A,#N/A,#N/A,#N/A,#N/A,#N/A,#N/A,#N/A,#N/A,#N/A,#N/A,#N/A
경기도 광주시 ,시군구,광주시,,4161000000,252451,130298,43890,35377,31605,8124,3628,857,98,113,64,55,50,100,805,331,819,565,86,9,49,52,328,127005,3293,122153
경기도 광주시 오포읍,읍면동,오포읍,2156,4161025000,66931,32844,9988,9350,8477,2403,906,196,12,14,21,20,11,15,166,64,228,149,23,1,12,15,55,32126,718,34087
경기도 광주시 초월읍,읍면동,초월읍,2156,4161025300,30328,15458,5392,4027,3780,883,473,112,6,11,4,5,7,15,89,35,87,61,12,2,4,5,39,15049,409,14870
경기도 광주시 곤지암읍,읍면동,곤지암읍,2156,4161025900,18347,8856,3410,2134,1915,419,359,61,7,15,6,1,6,8,64,21,41,24,5,1,1,8,36,8542,314,9491
경기도 광주시 도척면,읍면동,도척면,2156,4161033000,7335,3744,1556,836,799,173,107,38,1,3,3,0,3,1,26,7,14,14,1,1,0,2,15,3600,144,3591
경기도 광주시 퇴촌면,읍면동,퇴촌면,2155,4161034000,10697,5386,2325,1008,1185,327,171,25,2,3,5,3,1,5,30,14,76,19,2,0,1,1,18,5221,165,5311
경기도 광주시 남종면,읍면동,남종면,2155,4161035000,1427,852,446,156,129,24,18,3,1,0,0,1,0,0,12,0,7,3,0,1,0,2,8,811,41,575
경기도 광주시 남한산성면,읍면동,남한산성면,2155,4161037000,2395,1405,614,298,284,81,30,9,1,0,1,1,0,1,3,1,8,11,1,0,2,3,8,1357,48,990
경기도 광주시 경안동,읍면동,경안동,2155,4161051000,27056,12902,4528,3537,2953,677,363,94,8,14,6,7,3,8,92,32,75,43,7,2,6,3,52,12510,392,14154
경기도 광주시 송정동,읍면동,송정동,2155,4161052000,42719,21085,7141,5862,5150,1146,592,141,15,14,8,4,7,19,165,51,104,94,11,1,8,5,47,20585,500,21634
경기도 광주시 쌍령동,읍면동,쌍령동,2155,4161054000,#N/A,#N/A,#N/A,#N/A,#N/A,#N/A,#N/A,#N/A,#N/A,#N/A,#N/A,#N/A,#N/A,#N/A,#N/A,#N/A,#N/A,#N/A,#N/A,#N/A,#N/A,#N/A,#N/A,#N/A,#N/A,#N/A
경기도 광주시 탄벌동,읍면동,탄벌동,2155,4161055000,#N/A,#N/A,#N/A,#N/A,#N/A,#N/A,#N/A,#N/A,#N/A,#N/A,#N/A,#N/A,#N/A,#N/A,#N/A,#N/A,#N/A,#N/A,#N/A,#N/A,#N/A,#N/A,#N/A,#N/A,#N/A,#N/A
경기도 광주시 광남1동,읍면동,광남1동,2155,4161056000,#N/A,#N/A,#N/A,#N/A,#N/A,#N/A,#N/A,#N/A,#N/A,#N/A,#N/A,#N/A,#N/A,#N/A,#N/A,#N/A,#N/A,#N/A,#N/A,#N/A,#N/A,#N/A,#N/A,#N/A,#N/A,#N/A
경기도 광주시 광남2동,읍면동,광남2동,2155,4161057000,#N/A,#N/A,#N/A,#N/A,#N/A,#N/A,#N/A,#N/A,#N/A,#N/A,#N/A,#N/A,#N/A,#N/A,#N/A,#N/A,#N/A,#N/A,#N/A,#N/A,#N/A,#N/A,#N/A,#N/A,#N/A,#N/A
경기도 양주시 ,시군구,양주시,,4163000000,162384,90341,33457,25426,18842,4571,2357,664,96,102,43,43,33,104,587,226,532,460,69,7,45,52,246,87962,2379,72043
경기도 양주시 백석읍,읍면동,백석읍,2157,4163025000,22345,11604,4777,2966,2311,452,340,73,2,12,8,5,8,18,94,27,48,64,7,0,3,11,32,11258,346,10741
경기도 양주시 은현면,읍면동,은현면,2157,4163031000,5801,3060,1558,637,525,68,55,22,3,3,2,1,0,5,10,5,12,8,5,1,4,3,13,2940,120,2741
경기도 양주시 남면,읍면동,남면,2157,4163032000,6358,3381,1620,815,493,111,62,29,2,0,0,2,0,7,17,7,8,18,1,1,1,1,18,3213,168,2977
경기도 양주시 광적면,읍면동,광적면,2157,4163033000,9832,5169,2302,1295,894,175,97,47,8,9,1,4,4,8,22,5,51,17,7,0,2,5,20,4973,196,4663
경기도 양주시 장흥면,읍면동,장흥면,2157,4163034000,8227,4511,2211,924,805,222,104,21,3,5,4,1,1,4,28,9,27,7,3,0,3,1,15,4398,113,3716
경기도 양주시 양주1동,읍면동,양주1동,2157,4163051000,5797,3362,1456,875,633,129,72,27,1,3,2,1,1,2,12,1,9,6,4,0,2,7,12,3255,107,2435
경기도 양주시 양주2동,읍면동,양주2동,2157,4163052000,37613,20933,6409,6484,4974,1373,596,109,15,20,6,5,8,17,149,46,117,134,11,1,6,9,26,20515,418,16680
경기도 양주시 회천1동,읍면동,회천1동,2157,4163053000,8413,4663,1846,1301,926,179,118,32,1,4,2,3,1,4,24,11,25,24,2,0,0,3,13,4519,144,3750
경기도 양주시 회천2동,읍면동,회천2동,2157,4163054000,22225,11238,3918,3245,2508,544,315,116,6,11,6,7,3,8,72,36,54,61,7,1,5,5,35,10963,275,10987
경기도 양주시 회천3동,읍면동,회천3동,2157,4163055000,21126,11962,4024,3596,2659,618,376,89,10,13,5,5,1,11,90,34,51,82,10,1,1,2,29,11707,255,9164
경기도 양주시 회천4동,읍면동,회천4동,2157,4163056000,7814,3972,1375,1174,891,208,112,26,3,1,2,2,2,4,27,4,19,18,1,1,15,2,12,3899,73,3842
경기도 포천시 ,시군구,포천시,,4165000000,128301,63333,28205,12664,12820,2749,1743,477,103,80,48,43,43,85,399,155,328,348,65,8,29,44,341,60777,2556,64968
경기도 포천시 소흘읍,읍면동,소흘읍,2158,4165025000,35821,15727,6015,3686,3653,828,458,117,17,12,12,12,8,18,133,37,79,121,17,1,11,8,40,15283,444,20094
경기도 포천시 군내면,읍면동,군내면,2158,4165031000,5471,2775,1357,463,496,107,88,11,9,2,0,2,2,7,22,4,12,16,1,2,3,0,20,2624,151,2696
경기도 포천시 내촌면,읍면동,내촌면,2158,4165032000,4481,2127,1188,281,362,59,52,9,5,2,2,1,1,3,11,2,16,0,0,0,0,2,16,2012,115,2354
경기도 포천시 가산면,읍면동,가산면,2158,4165033000,7021,3192,1635,506,629,119,62,27,3,2,1,4,3,2,12,8,11,9,5,1,1,2,24,3066,126,3829
경기도 포천시 신북면,읍면동,신북면,2158,4165034000,10634,4830,2232,860,944,189,192,35,5,5,4,4,4,5,28,17,24,24,8,0,0,2,33,4615,215,5804
경기도 포천시 창수면,읍면동,창수면,2158,4165035000,2095,1230,597,211,242,39,19,7,3,0,3,2,4,1,8,3,6,2,0,1,1,3,4,1156,74,865
경기도 포천시 영중면,읍면동,영중면,2158,4165036000,4650,2350,1161,407,402,77,60,18,4,2,3,0,4,4,12,3,11,17,4,0,1,1,16,2207,143,2300
경기도 포천시 일동면,읍면동,일동면,2158,4165037000,8550,4148,2140,700,712,120,133,25,6,5,0,2,1,2,22,8,18,24,2,0,4,5,28,3957,191,4402
경기도 포천시 이동면,읍면동,이동면,2158,4165038000,5316,2895,1485,483,501,77,100,24,3,4,0,1,0,5,19,7,6,8,3,0,0,3,24,2753,142,2421
경기도 포천시 영북면,읍면동,영북면,2158,4165039000,7738,4037,2036,633,719,131,136,40,13,4,13,3,4,7,27,7,12,20,4,0,0,6,31,3846,191,3701
경기도 포천시 관인면,읍면동,관인면,2158,4165040000,2739,1625,868,237,270,49,41,9,2,2,0,0,0,3,5,4,10,12,0,0,2,1,11,1526,99,1114
경기도 포천시 화현면,읍면동,화현면,2158,4165041000,2323,1288,685,214,249,34,14,14,3,0,3,0,1,1,2,3,6,3,3,0,1,1,5,1242,46,1035
경기도 포천시 포천동,읍면동,포천동,2158,4165051000,14807,7597,3143,1600,1704,364,216,63,5,9,3,4,3,7,40,17,50,57,4,3,4,7,39,7342,255,7210
경기도 포천시 선단동,읍면동,선단동,2158,4165052000,11650,4711,2037,998,969,225,107,38,4,9,1,3,4,7,21,15,19,18,4,0,0,2,27,4508,203,6939
경기도 여주시 ,시군구,여주시,,4167000000,91798,45621,21047,9009,8537,2289,1202,336,62,40,39,25,30,45,275,136,260,180,34,6,29,40,248,43869,1752,46177
경기도 여주시 가남읍,읍면동,가남읍,2159,4167025000,12751,5665,2489,1104,1133,277,211,39,7,2,4,2,1,3,36,15,31,11,3,0,4,2,31,5405,260,7086
경기도 여주시 점동면,읍면동,점동면,2159,4167031000,4108,2215,1194,350,321,74,53,12,3,1,2,3,3,3,11,2,13,12,2,2,1,5,14,2081,134,1893
경기도 여주시 흥천면,읍면동,흥천면,2159,4167032000,4318,2181,1236,274,343,87,86,17,3,1,2,3,2,1,13,5,3,11,0,0,2,0,13,2102,79,2137
경기도 여주시 금사면,읍면동,금사면,2159,4167033000,2650,1467,864,185,226,38,36,7,0,2,2,0,3,0,5,1,15,7,1,0,0,1,8,1401,66,1183
경기도 여주시 세종대왕면,읍면동,세종대왕면,2159,4167034500,#N/A,#N/A,#N/A,#N/A,#N/A,#N/A,#N/A,#N/A,#N/A,#N/A,#N/A,#N/A,#N/A,#N/A,#N/A,#N/A,#N/A,#N/A,#N/A,#N/A,#N/A,#N/A,#N/A,#N/A,#N/A,#N/A
경기도 여주시 대신면,읍면동,대신면,2159,4167035000,6303,3181,1795,423,498,90,72,21,4,2,3,2,1,1,14,4,16,10,1,0,3,7,25,2992,189,3122
경기도 여주시 북내면,읍면동,북내면,2159,4167036000,4340,2153,1161,282,335,83,80,22,4,3,2,0,1,3,24,12,9,7,2,1,4,3,18,2056,97,2187
경기도 여주시 강천면,읍면동,강천면,2159,4167037000,3189,1761,970,263,281,80,36,5,2,1,2,0,1,3,6,3,9,10,0,1,1,2,16,1692,69,1428
경기도 여주시 산북면,읍면동,산북면,2159,4167038000,2113,1223,648,170,235,42,44,5,2,1,0,0,3,2,6,3,10,1,1,0,1,2,10,1186,37,890
경기도 여주시 여흥동,읍면동,여흥동,2159,4167051000,17175,7637,3350,1620,1524,435,192,53,6,3,7,1,3,7,62,16,35,23,5,0,5,6,41,7394,243,9538
경기도 여주시 중앙동,읍면동,중앙동,2159,4167052000,14602,6715,2688,1634,1351,417,139,64,6,7,6,5,6,8,33,27,35,39,5,0,2,3,29,6504,211,7887
경기도 여주시 오학동,읍면동,오학동,2159,4167053000,10884,5012,1920,1187,1144,313,122,40,4,4,4,3,2,3,32,11,35,20,5,1,3,2,17,4872,140,5872
경기도 연천군 ,시군구,연천군,,4180000000,38748,22252,10362,4110,4482,724,551,148,31,36,25,23,24,28,139,55,106,105,17,4,24,33,126,21153,1099,16496
경기도 연천군 연천읍,읍면동,연천읍,2123,4180025000,6342,3734,1691,714,786,110,71,28,8,5,4,2,4,10,26,11,13,15,2,0,5,4,26,3535,199,2608
경기도 연천군 전곡읍,읍면동,전곡읍,2123,4180025300,14963,7622,3363,1488,1663,260,231,40,6,10,5,7,5,8,59,12,41,43,6,1,6,7,27,7288,334,7341
경기도 연천군 군남면,읍면동,군남면,2123,4180031000,3094,1768,925,238,361,47,31,19,2,0,2,0,1,0,5,3,6,8,1,0,1,7,13,1670,98,1326
경기도 연천군 청산면,읍면동,청산면,2123,4180032000,3738,1981,1099,270,326,60,52,8,3,3,4,2,3,3,10,3,7,9,2,0,5,3,14,1886,95,1757
경기도 연천군 백학면,읍면동,백학면,2123,4180033000,2407,1311,648,198,248,37,41,4,2,3,3,1,1,1,10,3,0,7,1,2,0,2,3,1215,96,1096
경기도 연천군 미산면,읍면동,미산면,2123,4180034000,1491,841,466,101,145,12,26,5,2,1,1,2,3,0,2,4,12,4,1,0,0,1,6,794,47,650
경기도 연천군 왕징면,읍면동,왕징면,2123,4180035000,1021,722,340,130,128,32,12,5,1,0,2,2,3,1,2,3,5,3,1,0,3,1,8,682,40,299
경기도 연천군 신서면,읍면동,신서면,2123,4180036000,2766,1645,818,285,305,34,43,9,1,3,0,4,1,1,9,3,4,1,1,0,3,2,13,1540,105,1121
경기도 연천군 중면,읍면동,중면,2123,4180037000,198,147,66,31,29,2,9,3,1,0,0,1,0,0,1,0,0,1,0,0,0,0,2,146,1,51
경기도 연천군 장남면,읍면동,장남면,2123,4180038000,621,442,254,73,67,15,8,3,1,1,0,0,1,1,0,2,2,0,0,0,0,3,2,433,9,179
경기도 가평군 ,시군구,가평군,,4182000000,52921,28010,13907,4639,5298,1163,685,198,37,27,29,22,31,37,155,65,162,62,17,5,19,38,224,26820,1190,24911
경기도 가평군 가평읍,읍면동,가평읍,2158,4182025000,15785,7957,3920,1472,1476,336,194,40,9,6,2,2,6,8,45,15,36,13,5,0,6,14,64,7669,288,7828
경기도 가평군 설악면,읍면동,설악면,2158,4182031000,6916,3470,1857,490,642,147,62,24,1,2,7,2,2,2,12,4,15,11,0,0,3,4,26,3313,157,3446
경기도 가평군 청평면,읍면동,청평면,2158,4182032500,12023,5747,2877,925,1182,262,144,25,1,5,3,1,5,3,38,16,35,16,1,0,4,5,30,5578,169,6276
경기도 가평군 상면,읍면동,상면,2158,4182033000,4520,2410,1365,298,411,75,60,20,0,0,3,1,2,3,11,2,19,3,3,2,2,3,21,2304,106,2110
경기도 가평군 조종면,읍면동,조종면,2158,4182034500,7476,3885,1916,573,717,118,88,45,12,5,6,9,10,12,17,14,18,5,4,1,3,9,47,3629,256,3591
경기도 가평군 북면,읍면동,북면,2158,4182035000,3387,1867,1004,241,331,57,57,13,3,0,2,0,2,3,16,3,10,5,1,1,1,2,17,1769,98,1520
경기도 양평군 ,시군구,양평군,,4183000000,91781,50922,22914,9222,10243,3069,1377,329,51,51,33,19,46,65,265,118,506,148,48,11,46,52,287,48900,2022,40859
경기도 양평군 양평읍,읍면동,양평읍,2159,4183025000,22993,11677,5076,2351,2544,618,277,80,10,12,4,5,6,10,70,32,85,33,12,0,11,9,55,11300,377,11316
경기도 양평군 강상면,읍면동,강상면,2159,4183031000,6362,3402,1512,607,749,234,72,26,3,3,2,3,4,5,9,9,37,8,4,0,3,4,16,3310,92,2960
경기도 양평군 강하면,읍면동,강하면,2159,4183032000,3655,1962,1009,278,384,106,53,6,0,0,2,1,1,2,8,4,18,5,1,0,3,2,10,1893,69,1693
경기도 양평군 양서면,읍면동,양서면,2159,4183033000,9637,4928,2160,904,946,375,156,18,3,4,2,0,3,5,23,8,92,23,5,3,10,3,27,4770,158,4709
경기도 양평군 옥천면,읍면동,옥천면,2159,4183034000,6021,3273,1442,570,703,204,72,27,4,3,0,0,0,6,15,13,37,14,2,0,2,2,18,3134,139,2748
경기도 양평군 서종면,읍면동,서종면,2159,4183035000,6588,3381,1409,555,749,313,102,20,1,1,1,0,5,2,23,9,52,9,2,1,3,1,16,3274,107,3207
경기도 양평군 단월면,읍면동,단월면,2159,4183036000,2980,1726,870,244,317,69,60,12,1,2,2,0,0,1,6,1,11,1,2,3,1,5,8,1616,110,1254
경기도 양평군 청운면,읍면동,청운면,2159,4183037000,3240,1833,974,280,297,37,46,13,3,0,2,0,1,2,4,4,8,3,0,1,2,5,10,1692,141,1407
경기도 양평군 양동면,읍면동,양동면,2159,4183038000,3893,2194,1091,332,351,59,123,21,0,5,4,1,4,3,12,5,14,3,3,1,1,4,21,2058,136,1699
경기도 양평군 지평면,읍면동,지평면,2159,4183039500,5548,3107,1599,435,548,138,94,28,1,2,1,0,4,4,21,6,20,6,1,1,3,6,25,2943,164,2441
경기도 양평군 용문면,읍면동,용문면,2159,4183040000,11705,6251,2825,1089,1223,386,202,35,4,4,4,2,4,5,40,14,57,23,6,1,2,7,43,5976,275,5454
경기도 양평군 개군면,읍면동,개군면,2159,4183041000,4048,2303,1194,348,372,113,52,13,3,2,3,0,4,4,11,4,17,1,2,0,2,3,21,2169,134,1745
