행정기관코드,행정기관,비교용,구분,행정구역명,비교용,선거구코드,선거인수,투표수,더불어민주당,자유한국당,바른미래당,민주평화당,정의당,민중당,대한애국당,노동당,녹색당,우리미래,계,무효투표수,기권수
4100000000,경기도  ,경기도,도,,경기도,,#N/A,#N/A,#N/A,#N/A,#N/A,#N/A,#N/A,#N/A,#N/A,#N/A,#N/A,#N/A,#N/A,#N/A,#N/A
4111000000,경기도 수원시 ,경기도수원시,시군구,수원시,경기도수원시,,#N/A,#N/A,#N/A,#N/A,#N/A,#N/A,#N/A,#N/A,#N/A,#N/A,#N/A,#N/A,#N/A,#N/A,#N/A
4111100000,경기도 수원시 장안구 ,경기도수원시장안구,행정구,수원시장안구,경기도수원시장안구,,202140,121910,61433,30174,10228,947,15443,514,335,362,563,299,120298,1612,80230
4111156000,경기도 수원시 장안구 파장동,경기도수원시장안구파장동,읍면동,파장동,경기도수원시장안구파장동,2101,19926,11074,5513,2969,894,93,1281,38,40,32,50,18,10928,146,8852
4111156600,경기도 수원시 장안구 율천동,경기도수원시장안구율천동,읍면동,율천동,경기도수원시장안구율천동,2102,34766,21176,11165,4081,1891,112,3262,82,41,74,124,35,20867,309,13590
4111157100,경기도 수원시 장안구 정자1동,경기도수원시장안구정자1동,읍면동,정자1동,경기도수원시장안구정자1동,2101,25369,15225,7767,3482,1388,93,2082,56,37,52,60,33,15050,175,10144
4111157200,경기도 수원시 장안구 정자2동,경기도수원시장안구정자2동,읍면동,정자2동,경기도수원시장안구정자2동,2101,23871,13511,6857,3449,1044,92,1658,71,39,40,59,37,13346,165,10360
4111157300,경기도 수원시 장안구 정자3동,경기도수원시장안구정자3동,읍면동,정자3동,경기도수원시장안구정자3동,2101,31116,21014,10919,3808,1838,138,3826,70,41,57,95,43,20835,179,10102
4111158000,경기도 수원시 장안구 영화동,경기도수원시장안구영화동,읍면동,영화동,경기도수원시장안구영화동,2101,18173,8545,4028,2881,615,90,688,34,24,19,37,11,8427,118,9628
4111159100,경기도 수원시 장안구 송죽동,경기도수원시장안구송죽동,읍면동,송죽동,경기도수원시장안구송죽동,2101,16210,8916,4650,2204,724,75,994,30,35,21,32,23,8788,128,7294
4111159700,경기도 수원시 장안구 조원1동,경기도수원시장안구조원1동,읍면동,조원1동,경기도수원시장안구조원1동,2101,23848,13011,6270,3665,1106,111,1418,65,33,44,68,29,12809,202,10837
4111159800,경기도 수원시 장안구 조원2동,경기도수원시장안구조원2동,읍면동,조원2동,경기도수원시장안구조원2동,2101,15335,10283,4779,2752,1025,69,1416,45,20,19,40,21,10186,97,5052
4111160000,경기도 수원시 장안구 연무동,경기도수원시장안구연무동,읍면동,연무동,경기도수원시장안구연무동,2101,16004,8058,3512,2803,671,77,688,26,29,24,28,28,7886,172,7946
4111300000,경기도 수원시 권선구 ,경기도수원시권선구,행정구,수원시권선구,경기도수원시권선구,,342897,197286,105292,45360,15067,1178,23930,1331,480,659,902,541,194740,2546,145611
4111352000,경기도 수원시 권선구 세류1동,경기도수원시권선구세류1동,읍면동,세류1동,경기도수원시권선구세류1동,2105,9224,5256,2602,1482,436,27,563,11,18,17,15,18,5189,67,3968
4111353000,경기도 수원시 권선구 세류2동,경기도수원시권선구세류2동,읍면동,세류2동,경기도수원시권선구세류2동,2105,21662,9306,4834,2823,552,73,668,33,43,39,42,31,9138,168,12356
4111354000,경기도 수원시 권선구 세류3동,경기도수원시권선구세류3동,읍면동,세류3동,경기도수원시권선구세류3동,2105,19270,8824,4441,2754,615,58,653,25,32,33,39,32,8682,142,10446
4111355000,경기도 수원시 권선구 평동,경기도수원시권선구평동,읍면동,평동,경기도수원시권선구평동,2102,31511,16422,8557,4279,1193,107,1808,69,43,40,66,55,16217,205,15089
4111356000,경기도 수원시 권선구 서둔동,경기도수원시권선구서둔동,읍면동,서둔동,경기도수원시권선구서둔동,2102,31912,15600,8282,3991,1025,114,1672,73,57,66,58,58,15396,204,16312
4111365000,경기도 수원시 권선구 구운동,경기도수원시권선구구운동,읍면동,구운동,경기도수원시권선구구운동,2102,20955,11466,5798,3047,851,63,1369,45,31,40,40,33,11317,149,9489
4111366200,경기도 수원시 권선구 금곡동,경기도수원시권선구금곡동,읍면동,금곡동,경기도수원시권선구금곡동,2102,32779,20255,10622,4216,1760,80,2654,480,33,64,89,34,20032,223,12524
4111366400,경기도 수원시 권선구 호매실동,경기도수원시권선구호매실동,읍면동,호매실동,경기도수원시권선구호매실동,2102,25877,14922,8528,2783,1023,83,2081,118,27,44,60,35,14782,140,10955
4111367000,경기도 수원시 권선구 권선1동,경기도수원시권선구권선1동,읍면동,권선1동,경기도수원시권선구권선1동,2105,20354,9963,5145,2687,699,67,1054,30,20,35,57,36,9830,133,10391
4111368000,경기도 수원시 권선구 권선2동,경기도수원시권선구권선2동,읍면동,권선2동,경기도수원시권선구권선2동,2105,37310,23416,12311,5598,1863,130,2977,55,51,73,100,48,23206,210,13894
4111369000,경기도 수원시 권선구 곡선동,경기도수원시권선구곡선동,읍면동,곡선동,경기도수원시권선구곡선동,2105,23213,11425,6377,2418,901,73,1424,29,24,24,38,19,11327,98,11788
4111370000,경기도 수원시 권선구 입북동,경기도수원시권선구입북동,읍면동,입북동,경기도수원시권선구입북동,2102,12941,8126,4261,1658,682,48,1165,144,18,31,22,18,8047,79,4815
4111500000,경기도 수원시 팔달구 ,경기도수원시팔달구,행정구,수원시팔달구,경기도수원시팔달구,,161673,88361,43300,24637,6719,647,9535,310,245,545,906,216,87060,1301,73312
4111565000,경기도 수원시 팔달구 매교동,경기도수원시팔달구매교동,읍면동,매교동,경기도수원시팔달구매교동,2103,7502,3301,1430,1202,236,37,266,10,9,21,14,10,3235,66,4201
4111566000,경기도 수원시 팔달구 매산동,경기도수원시팔달구매산동,읍면동,매산동,경기도수원시팔달구매산동,2103,10013,4929,2362,1564,354,37,464,12,11,23,22,9,4858,71,5084
4111567000,경기도 수원시 팔달구 고등동,경기도수원시팔달구고등동,읍면동,고등동,경기도수원시팔달구고등동,2103,8967,3880,1750,1378,257,34,323,15,16,12,16,9,3810,70,5087
4111568000,경기도 수원시 팔달구 화서1동,경기도수원시팔달구화서1동,읍면동,화서1동,경기도수원시팔달구화서1동,2103,19811,10424,5126,3030,788,80,1057,43,33,62,52,17,10288,136,9387
4111569000,경기도 수원시 팔달구 화서2동,경기도수원시팔달구화서2동,읍면동,화서2동,경기도수원시팔달구화서2동,2103,21206,13825,6778,3208,1202,97,2164,44,28,66,71,27,13685,140,7381
4111570000,경기도 수원시 팔달구 지동,경기도수원시팔달구지동,읍면동,지동,경기도수원시팔달구지동,2103,11829,5690,2486,2081,392,57,373,29,26,39,71,19,5573,117,6139
4111571000,경기도 수원시 팔달구 우만1동,경기도수원시팔달구우만1동,읍면동,우만1동,경기도수원시팔달구우만1동,2103,18070,9022,4480,2547,626,86,790,36,30,78,146,32,8851,171,9048
4111572000,경기도 수원시 팔달구 우만2동,경기도수원시팔달구우만2동,읍면동,우만2동,경기도수원시팔달구우만2동,2103,14088,8701,4228,2169,768,36,1132,16,23,61,144,21,8598,103,5387
4111573000,경기도 수원시 팔달구 인계동,경기도수원시팔달구인계동,읍면동,인계동,경기도수원시팔달구인계동,2103,30876,14532,7259,3996,1104,80,1518,31,31,102,194,33,14348,184,16344
4111574000,경기도 수원시 팔달구 행궁동,경기도수원시팔달구행궁동,읍면동,행궁동,경기도수원시팔달구행궁동,2103,10048,4790,2038,1784,309,48,376,22,19,29,70,15,4710,80,5258
4111700000,경기도 수원시 영통구 ,경기도수원시영통구,행정구,수원시영통구,경기도수원시영통구,,273531,174615,93195,34651,15612,782,25978,405,284,399,921,583,172810,1805,98916
4111751000,경기도 수원시 영통구 매탄1동,경기도수원시영통구매탄1동,읍면동,매탄1동,경기도수원시영통구매탄1동,2104,15487,9130,4505,2389,740,42,1145,21,25,33,105,21,9026,104,6357
4111752000,경기도 수원시 영통구 매탄2동,경기도수원시영통구매탄2동,읍면동,매탄2동,경기도수원시영통구매탄2동,2104,12488,6994,3500,1856,540,39,847,19,17,16,33,22,6889,105,5494
4111753000,경기도 수원시 영통구 매탄3동,경기도수원시영통구매탄3동,읍면동,매탄3동,경기도수원시영통구매탄3동,2104,27862,16826,8785,3578,1371,84,2566,44,22,58,92,38,16638,188,11036
4111754000,경기도 수원시 영통구 매탄4동,경기도수원시영통구매탄4동,읍면동,매탄4동,경기도수원시영통구매탄4동,2104,18091,9991,5179,2413,758,65,1273,30,25,31,59,27,9860,131,8100
4111755000,경기도 수원시 영통구 원천동,경기도수원시영통구원천동,읍면동,원천동,경기도수원시영통구원천동,2104,18652,10030,5509,1974,822,41,1405,19,25,31,49,28,9903,127,8622
4111757000,경기도 수원시 영통구 영통1동,경기도수원시영통구영통1동,읍면동,영통1동,경기도수원시영통구영통1동,2104,25894,16822,9127,3060,1436,64,2798,39,16,27,84,37,16688,134,9072
4111758000,경기도 수원시 영통구 영통2동,경기도수원시영통구영통2동,읍면동,영통2동,경기도수원시영통구영통2동,2105,21913,14104,8275,2052,1268,55,2109,22,19,30,66,86,13982,122,7809
4111758500,경기도 수원시 영통구 영통3동,경기도수원시영통구영통3동,읍면동,영통3동,경기도수원시영통구영통3동,2105,23842,14581,7458,2996,1410,71,2290,38,26,21,49,86,14445,136,9261
4111759300,경기도 수원시 영통구 망포1동,경기도수원시영통구망포1동,읍면동,망포1동,경기도수원시영통구망포1동,2105,19573,12272,6608,2421,1095,47,1841,24,16,24,40,58,12175,96,7301
4111759600,경기도 수원시 영통구 망포2동,경기도수원시영통구망포2동,읍면동,망포2동,경기도수원시영통구망포2동,2105,17630,11053,5953,2181,986,43,1659,21,14,22,36,53,10967,87,6577
4111760000,경기도 수원시 영통구 광교1동,경기도수원시영통구광교1동,읍면동,광교1동,경기도수원시영통구광교1동,2104,36103,23504,11843,4537,2646,86,3951,44,27,33,119,33,23319,185,12599
4111761000,경기도 수원시 영통구 광교2동,경기도수원시영통구광교2동,읍면동,광교2동,경기도수원시영통구광교2동,2104,18088,11418,5888,2305,1037,48,1900,19,24,17,49,31,11318,100,6670
4113000000,경기도 성남시 ,경기도성남시,시군구,성남시,경기도성남시,,#N/A,#N/A,#N/A,#N/A,#N/A,#N/A,#N/A,#N/A,#N/A,#N/A,#N/A,#N/A,#N/A,#N/A,#N/A
4113100000,경기도 성남시 수정구 ,경기도성남시수정구,행정구,성남시수정구,경기도성남시수정구,2106,204053,115682,65319,26809,9204,834,9081,1157,285,341,610,294,113934,1748,88371
4113151000,경기도 성남시 수정구 신흥1동,경기도성남시수정구신흥1동,읍면동,신흥1동,경기도성남시수정구신흥1동,2106,11992,5420,3204,1305,353,43,282,57,14,16,24,14,5312,108,6572
4113152000,경기도 성남시 수정구 신흥2동,경기도성남시수정구신흥2동,읍면동,신흥2동,경기도성남시수정구신흥2동,2106,7317,3813,2059,939,338,24,338,30,4,9,11,10,3762,51,3504
4113153000,경기도 성남시 수정구 신흥3동,경기도성남시수정구신흥3동,읍면동,신흥3동,경기도성남시수정구신흥3동,2106,10329,5258,2938,1330,417,45,321,47,16,16,27,6,5163,95,5071
4113154000,경기도 성남시 수정구 태평1동,경기도성남시수정구태평1동,읍면동,태평1동,경기도성남시수정구태평1동,2106,14568,7433,4357,1727,493,56,521,62,23,15,41,25,7320,113,7135
4113155000,경기도 성남시 수정구 태평2동,경기도성남시수정구태평2동,읍면동,태평2동,경기도성남시수정구태평2동,2106,12682,6152,3674,1379,447,51,334,63,21,20,32,17,6038,114,6530
4113156000,경기도 성남시 수정구 태평3동,경기도성남시수정구태평3동,읍면동,태평3동,경기도성남시수정구태평3동,2106,12359,6463,3785,1504,438,56,440,64,9,14,30,14,6354,109,5896
4113156100,경기도 성남시 수정구 태평4동,경기도성남시수정구태평4동,읍면동,태평4동,경기도성남시수정구태평4동,2106,11486,5721,3259,1272,430,67,441,69,24,21,19,17,5619,102,5765
4113157000,경기도 성남시 수정구 수진1동,경기도성남시수정구수진1동,읍면동,수진1동,경기도성남시수정구수진1동,2106,11814,5420,3116,1314,395,61,318,49,10,20,19,19,5321,99,6394
4113158000,경기도 성남시 수정구 수진2동,경기도성남시수정구수진2동,읍면동,수진2동,경기도성남시수정구수진2동,2106,14600,7845,4336,2031,635,70,484,58,20,23,49,21,7727,118,6755
4113159000,경기도 성남시 수정구 단대동,경기도성남시수정구단대동,읍면동,단대동,경기도성남시수정구단대동,2106,12824,7280,4035,1809,597,55,529,66,19,22,33,19,7184,96,5544
4113160000,경기도 성남시 수정구 산성동,경기도성남시수정구산성동,읍면동,산성동,경기도성남시수정구산성동,2106,11412,6076,3566,1334,399,54,436,91,22,26,25,24,5977,99,5336
4113161000,경기도 성남시 수정구 양지동,경기도성남시수정구양지동,읍면동,양지동,경기도성남시수정구양지동,2106,8236,4691,2667,1011,376,21,361,82,19,22,21,17,4597,94,3545
4113162000,경기도 성남시 수정구 복정동,경기도성남시수정구복정동,읍면동,복정동,경기도성남시수정구복정동,2106,10069,5600,3374,934,411,24,657,36,10,16,45,15,5522,78,4469
4113162500,경기도 성남시 수정구 위례동,경기도성남시수정구위례동,읍면동,위례동,경기도성남시수정구위례동,2106,32061,19633,9997,4856,2091,106,1904,230,28,50,111,39,19412,221,12428
4113163000,경기도 성남시 수정구 신촌동,경기도성남시수정구신촌동,읍면동,신촌동,경기도성남시수정구신촌동,2106,3457,1912,1013,550,175,7,125,10,3,2,8,2,1895,17,1545
4113164000,경기도 성남시 수정구 고등동,경기도성남시수정구고등동,읍면동,고등동,경기도성남시수정구고등동,2106,1527,853,306,379,70,5,64,6,4,0,4,4,842,11,674
4113165000,경기도 성남시 수정구 시흥동,경기도성남시수정구시흥동,읍면동,시흥동,경기도성남시수정구시흥동,2106,2738,1549,598,668,130,2,106,5,7,5,10,2,1533,16,1189
4113300000,경기도 성남시 중원구 ,경기도성남시중원구,행정구,성남시중원구,경기도성남시중원구,,195192,112172,64887,26041,8002,858,7946,1420,259,295,525,275,110508,1664,83020
4113351000,경기도 성남시 중원구 성남동,경기도성남시중원구성남동,읍면동,성남동,경기도성남시중원구성남동,2107,27572,14188,8084,3422,1056,112,1008,121,38,30,68,40,13979,209,13384
4113352500,경기도 성남시 중원구 중앙동,경기도성남시중원구중앙동,읍면동,중앙동,경기도성남시중원구중앙동,2107,12660,6378,3559,1581,479,60,439,90,15,23,23,15,6284,94,6282
4113353000,경기도 성남시 중원구 금광1동,경기도성남시중원구금광1동,읍면동,금광1동,경기도성남시중원구금광1동,2107,7021,3684,2103,950,225,29,203,74,7,12,11,10,3624,60,3337
4113354000,경기도 성남시 중원구 금광2동,경기도성남시중원구금광2동,읍면동,금광2동,경기도성남시중원구금광2동,2107,20323,10426,5945,2524,675,76,671,219,20,22,49,25,10226,200,9897
4113355000,경기도 성남시 중원구 은행1동,경기도성남시중원구은행1동,읍면동,은행1동,경기도성남시중원구은행1동,2107,9131,5196,3099,1105,349,42,361,92,15,16,22,13,5114,82,3935
4113356000,경기도 성남시 중원구 은행2동,경기도성남시중원구은행2동,읍면동,은행2동,경기도성남시중원구은행2동,2107,21124,11709,6768,2744,772,100,753,219,26,33,57,33,11505,204,9415
4113357000,경기도 성남시 중원구 상대원1동,경기도성남시중원구상대원1동,읍면동,상대원1동,경기도성남시중원구상대원1동,2107,21962,11635,6863,2787,725,85,747,129,32,36,45,30,11479,156,10327
4113358000,경기도 성남시 중원구 상대원2동,경기도성남시중원구상대원2동,읍면동,상대원2동,경기도성남시중원구상대원2동,2107,12987,6411,3690,1644,442,57,325,68,15,24,24,20,6309,102,6576
4113359000,경기도 성남시 중원구 상대원3동,경기도성남시중원구상대원3동,읍면동,상대원3동,경기도성남시중원구상대원3동,2107,11417,5535,3150,1434,333,58,318,68,17,23,17,11,5429,106,5882
4113366000,경기도 성남시 중원구 하대원동,경기도성남시중원구하대원동,읍면동,하대원동,경기도성남시중원구하대원동,2107,17472,10649,5898,2723,887,81,703,98,26,18,61,17,10512,137,6823
4113367000,경기도 성남시 중원구 도촌동,경기도성남시중원구도촌동,읍면동,도촌동,경기도성남시중원구도촌동,2107,19840,12690,7055,2808,1151,73,1249,83,29,22,81,24,12575,115,7150
4113500000,경기도 성남시 분당구 ,경기도성남시분당구,행정구,성남시분당구,경기도성남시분당구,,401672,266861,125870,74111,29605,1322,28977,872,587,343,2090,373,264150,2711,134811
4113551000,경기도 성남시 분당구 분당동,경기도성남시분당구분당동,읍면동,분당동,경기도성남시분당구분당동,2109,20382,12653,5897,3489,1432,54,1419,42,17,15,95,10,12470,183,7729
4113552000,경기도 성남시 분당구 수내1동,경기도성남시분당구수내1동,읍면동,수내1동,경기도성남시분당구수내1동,2109,14005,8744,3722,2826,1004,28,955,17,24,2,71,8,8657,87,5261
4113553000,경기도 성남시 분당구 수내2동,경기도성남시분당구수내2동,읍면동,수내2동,경기도성남시분당구수내2동,2109,7513,5028,2117,1539,712,20,541,8,3,3,40,5,4988,40,2485
4113554000,경기도 성남시 분당구 수내3동,경기도성남시분당구수내3동,읍면동,수내3동,경기도성남시분당구수내3동,2109,10706,6922,3397,1610,768,26,929,23,24,6,43,8,6834,88,3784
4113554500,경기도 성남시 분당구 정자동,경기도성남시분당구정자동,읍면동,정자동,경기도성남시분당구정자동,2109,14715,8953,4142,2512,950,48,1032,34,28,13,84,12,8855,98,5762
4113555000,경기도 성남시 분당구 정자1동,경기도성남시분당구정자1동,읍면동,정자1동,경기도성남시분당구정자1동,2109,24321,13846,5291,5354,1685,47,1202,13,29,8,100,19,13748,98,10475
4113556000,경기도 성남시 분당구 정자2동,경기도성남시분당구정자2동,읍면동,정자2동,경기도성남시분당구정자2동,2109,13617,8703,4379,2128,802,45,1012,45,25,21,61,23,8541,162,4914
4113557000,경기도 성남시 분당구 정자3동,경기도성남시분당구정자3동,읍면동,정자3동,경기도성남시분당구정자3동,2109,12363,8257,3869,2186,937,28,980,30,21,9,84,10,8154,103,4106
4113558000,경기도 성남시 분당구 서현1동,경기도성남시분당구서현1동,읍면동,서현1동,경기도성남시분당구서현1동,2108,24232,15483,6787,4627,2099,59,1543,32,37,11,141,14,15350,133,8749
4113559000,경기도 성남시 분당구 서현2동,경기도성남시분당구서현2동,읍면동,서현2동,경기도성남시분당구서현2동,2108,14813,10005,4644,2623,1322,50,1143,28,24,16,71,11,9932,73,4808
4113560000,경기도 성남시 분당구 이매1동,경기도성남시분당구이매1동,읍면동,이매1동,경기도성남시분당구이매1동,2108,19887,13229,5760,4059,1611,73,1398,41,30,22,112,22,13128,101,6658
4113561000,경기도 성남시 분당구 이매2동,경기도성남시분당구이매2동,읍면동,이매2동,경기도성남시분당구이매2동,2108,10947,7361,2965,2510,960,33,727,15,12,13,53,12,7300,61,3586
4113562000,경기도 성남시 분당구 야탑1동,경기도성남시분당구야탑1동,읍면동,야탑1동,경기도성남시분당구야탑1동,2108,15310,10244,5137,2862,1076,52,886,38,31,11,56,13,10162,82,5066
4113563000,경기도 성남시 분당구 야탑2동,경기도성남시분당구야탑2동,읍면동,야탑2동,경기도성남시분당구야탑2동,2108,13608,9266,3813,3195,1067,55,933,28,17,10,71,6,9195,71,4342
4113564000,경기도 성남시 분당구 야탑3동,경기도성남시분당구야탑3동,읍면동,야탑3동,경기도성남시분당구야탑3동,2108,23604,14655,7826,3545,1356,93,1451,64,26,27,95,23,14506,149,8949
4113565000,경기도 성남시 분당구 판교동,경기도성남시분당구판교동,읍면동,판교동,경기도성남시분당구판교동,2108,16648,11258,5219,2846,1377,57,1499,27,19,12,115,8,11179,79,5390
4113565500,경기도 성남시 분당구 삼평동,경기도성남시분당구삼평동,읍면동,삼평동,경기도성남시분당구삼평동,2108,18199,11790,6090,2749,1217,66,1409,54,13,11,60,18,11687,103,6409
4113565700,경기도 성남시 분당구 백현동,경기도성남시분당구백현동,읍면동,백현동,경기도성남시분당구백현동,2108,20842,13346,6797,3208,1466,73,1490,41,27,20,97,23,13242,104,7496
4113566200,경기도 성남시 분당구 금곡동,경기도성남시분당구금곡동,읍면동,금곡동,경기도성남시분당구금곡동,2109,23616,14890,6935,4570,1513,78,1369,57,43,14,122,33,14734,156,8726
4113566500,경기도 성남시 분당구 구미1동,경기도성남시분당구구미1동,읍면동,구미1동,경기도성남시분당구구미1동,2109,14677,9397,4486,2504,972,59,1157,32,19,13,92,11,9345,52,5280
4113567000,경기도 성남시 분당구 구미동,경기도성남시분당구구미동,읍면동,구미동,경기도성남시분당구구미동,2109,25290,16011,7162,4726,1713,94,1752,87,50,28,113,27,15752,259,9279
4113568000,경기도 성남시 분당구 운중동,경기도성남시분당구운중동,읍면동,운중동,경기도성남시분당구운중동,2108,15629,10081,4524,2999,1086,48,1178,23,24,12,91,13,9998,83,5548
4115000000,경기도 의정부시 ,경기도의정부시,시군구,의정부시,경기도의정부시,,366459,198445,107540,50994,13146,1106,19492,949,609,537,1066,496,195935,2510,168014
4115051000,경기도 의정부시 의정부1동,경기도의정부시의정부1동,읍면동,의정부1동,경기도의정부시의정부1동,2110,17417,6994,3483,2283,439,38,518,26,19,19,34,22,6881,113,10423
4115052000,경기도 의정부시 의정부2동,경기도의정부시의정부2동,읍면동,의정부2동,경기도의정부시의정부2동,2110,22843,9841,5400,2568,636,64,859,39,34,35,50,28,9713,128,13002
4115054500,경기도 의정부시 호원1동,경기도의정부시호원1동,읍면동,호원1동,경기도의정부시호원1동,2110,29089,16436,8471,4598,1141,95,1671,43,67,45,76,33,16240,196,12653
4115055500,경기도 의정부시 호원2동,경기도의정부시호원2동,읍면동,호원2동,경기도의정부시호원2동,2110,29193,17509,9262,4773,1226,89,1725,32,54,48,87,29,17325,184,11684
4115056100,경기도 의정부시 장암동,경기도의정부시장암동,읍면동,장암동,경기도의정부시장암동,2111,15963,9482,4945,2585,664,45,936,41,35,21,46,27,9345,137,6481
4115056700,경기도 의정부시 신곡1동,경기도의정부시신곡1동,읍면동,신곡1동,경기도의정부시신곡1동,2111,33786,18396,9821,4879,1239,100,1838,57,69,36,94,46,18179,217,15390
4115056800,경기도 의정부시 신곡2동,경기도의정부시신곡2동,읍면동,신곡2동,경기도의정부시신곡2동,2111,35622,19794,10399,5276,1369,110,2085,76,55,43,102,40,19555,239,15828
4115057300,경기도 의정부시 송산1동,경기도의정부시송산1동,읍면동,송산1동,경기도의정부시송산1동,2111,23669,11578,6332,2975,702,62,1125,78,36,35,59,21,11425,153,12091
4115057600,경기도 의정부시 송산2동,경기도의정부시송산2동,읍면동,송산2동,경기도의정부시송산2동,2111,21807,11604,6682,2452,734,58,1317,110,28,27,59,25,11493,111,10202
4115057800,경기도 의정부시 송산3동,경기도의정부시송산3동,읍면동,송산3동,경기도의정부시송산3동,2111,30746,16362,9421,3456,1036,81,1858,156,40,39,84,35,16205,157,14385
4115058000,경기도 의정부시 자금동,경기도의정부시자금동,읍면동,자금동,경기도의정부시자금동,2111,23269,11875,6277,3237,811,54,1136,66,29,37,53,24,11724,151,11394
4115059500,경기도 의정부시 가능동,경기도의정부시가능동,읍면동,가능동,경기도의정부시가능동,2110,20454,9169,4766,2769,510,74,750,27,34,25,44,28,9027,142,11285
4115061500,경기도 의정부시 흥선동,경기도의정부시흥선동,읍면동,흥선동,경기도의정부시흥선동,2110,16808,7544,3985,2251,423,52,575,46,28,20,40,20,7440,104,9264
4115062000,경기도 의정부시 녹양동,경기도의정부시녹양동,읍면동,녹양동,경기도의정부시녹양동,2110,17711,9166,4837,2493,642,53,902,28,28,16,55,20,9074,92,8545
4117000000,경기도 안양시 ,경기도안양시,시군구,안양시,경기도안양시,,#N/A,#N/A,#N/A,#N/A,#N/A,#N/A,#N/A,#N/A,#N/A,#N/A,#N/A,#N/A,#N/A,#N/A,#N/A
4117100000,경기도 안양시 만안구 ,경기도안양시만안구,행정구,안양시만안구,경기도안양시만안구,,216498,129811,67117,34547,8729,867,14648,319,520,344,730,304,128125,1686,86687
4117151000,경기도 안양시 만안구 안양1동,경기도안양시만안구안양1동,읍면동,안양1동,경기도안양시만안구안양1동,2112,14320,8969,4431,2306,737,59,1209,27,39,16,50,11,8885,84,5351
4117152000,경기도 안양시 만안구 안양2동,경기도안양시만안구안양2동,읍면동,안양2동,경기도안양시만안구안양2동,2112,17841,9385,4794,2814,548,65,875,17,53,22,45,27,9260,125,8456
4117153000,경기도 안양시 만안구 안양3동,경기도안양시만안구안양3동,읍면동,안양3동,경기도안양시만안구안양3동,2112,14680,7990,4127,2215,516,49,840,24,34,17,43,20,7885,105,6690
4117154000,경기도 안양시 만안구 안양4동,경기도안양시만안구안양4동,읍면동,안양4동,경기도안양시만안구안양4동,2112,6402,3659,1807,1151,234,28,314,6,26,11,19,8,3604,55,2743
4117155000,경기도 안양시 만안구 안양5동,경기도안양시만안구안양5동,읍면동,안양5동,경기도안양시만안구안양5동,2112,11582,6043,2910,2006,365,30,518,20,41,12,35,14,5951,92,5539
4117156000,경기도 안양시 만안구 안양6동,경기도안양시만안구안양6동,읍면동,안양6동,경기도안양시만안구안양6동,2112,15809,8138,4219,2350,490,46,801,12,37,19,45,22,8041,97,7671
4117157000,경기도 안양시 만안구 안양7동,경기도안양시만안구안양7동,읍면동,안양7동,경기도안양시만안구안양7동,2112,12448,7935,4095,1886,587,44,1124,10,27,20,48,13,7854,81,4513
4117158000,경기도 안양시 만안구 안양8동,경기도안양시만안구안양8동,읍면동,안양8동,경기도안양시만안구안양8동,2112,10432,5506,2931,1497,345,36,533,18,23,13,27,12,5435,71,4926
4117158100,경기도 안양시 만안구 안양9동,경기도안양시만안구안양9동,읍면동,안양9동,경기도안양시만안구안양9동,2112,14423,8103,3992,2457,518,60,839,12,24,15,47,18,7982,121,6320
4117159000,경기도 안양시 만안구 석수1동,경기도안양시만안구석수1동,읍면동,석수1동,경기도안양시만안구석수1동,2112,16374,10455,5151,2869,793,69,1301,25,45,30,50,20,10353,102,5919
4117160000,경기도 안양시 만안구 석수2동,경기도안양시만안구석수2동,읍면동,석수2동,경기도안양시만안구석수2동,2112,26669,16237,8251,4245,1069,125,2074,46,52,48,94,30,16034,203,10432
4117161000,경기도 안양시 만안구 석수3동,경기도안양시만안구석수3동,읍면동,석수3동,경기도안양시만안구석수3동,2112,11433,6494,3417,1615,450,39,775,12,21,25,35,22,6411,83,4939
4117162100,경기도 안양시 만안구 박달1동,경기도안양시만안구박달1동,읍면동,박달1동,경기도안양시만안구박달1동,2112,13987,7621,3910,2182,450,62,770,22,31,23,32,20,7502,119,6366
4117163000,경기도 안양시 만안구 박달2동,경기도안양시만안구박달2동,읍면동,박달2동,경기도안양시만안구박달2동,2112,17916,11088,5919,2711,775,88,1299,22,33,35,56,25,10963,125,6828
4117300000,경기도 안양시 동안구 ,경기도안양시동안구,행정구,안양시동안구,경기도안양시동안구,,268004,174833,86682,42295,14670,902,25583,461,472,355,1143,337,172900,1933,93171
4117351000,경기도 안양시 동안구 비산1동,경기도안양시동안구비산1동,읍면동,비산1동,경기도안양시동안구비산1동,2113,17037,11227,5311,3094,993,57,1513,29,31,19,65,18,11130,97,5810
4117352000,경기도 안양시 동안구 비산2동,경기도안양시동안구비산2동,읍면동,비산2동,경기도안양시동안구비산2동,2113,9386,6160,3041,1630,477,21,857,26,13,10,29,8,6112,48,3226
4117353000,경기도 안양시 동안구 비산3동,경기도안양시동안구비산3동,읍면동,비산3동,경기도안양시동안구비산3동,2113,19803,11524,5580,3199,867,65,1468,39,42,17,67,27,11371,153,8279
4117354000,경기도 안양시 동안구 부흥동,경기도안양시동안구부흥동,읍면동,부흥동,경기도안양시동안구부흥동,2113,13475,8934,4283,2114,746,43,1521,27,14,15,47,16,8826,108,4541
4117354600,경기도 안양시 동안구 달안동,경기도안양시동안구달안동,읍면동,달안동,경기도안양시동안구달안동,2113,9566,5930,3189,1217,381,25,941,20,12,15,53,8,5861,69,3636
4117355000,경기도 안양시 동안구 관양1동,경기도안양시동안구관양1동,읍면동,관양1동,경기도안양시동안구관양1동,2113,31110,18112,8946,4768,1357,97,2339,77,65,43,139,44,17875,237,12998
4117356000,경기도 안양시 동안구 관양2동,경기도안양시동안구관양2동,읍면동,관양2동,경기도안양시동안구관양2동,2113,15729,9027,4453,2215,752,51,1263,26,34,19,77,24,8914,113,6702
4117356600,경기도 안양시 동안구 부림동,경기도안양시동안구부림동,읍면동,부림동,경기도안양시동안구부림동,2113,19362,11961,6416,2264,810,60,2086,40,25,24,97,25,11847,114,7401
4117357000,경기도 안양시 동안구 평촌동,경기도안양시동안구평촌동,읍면동,평촌동,경기도안양시동안구평촌동,2114,12131,8099,4023,1848,724,47,1261,10,14,11,50,15,8003,96,4032
4117357600,경기도 안양시 동안구 평안동,경기도안양시동안구평안동,읍면동,평안동,경기도안양시동안구평안동,2114,17476,12113,5974,2433,1093,46,2321,25,14,14,70,14,12004,109,5363
4117357800,경기도 안양시 동안구 귀인동,경기도안양시동안구귀인동,읍면동,귀인동,경기도안양시동안구귀인동,2114,11906,8138,3606,2000,879,37,1417,20,20,16,61,10,8066,72,3768
4117358000,경기도 안양시 동안구 호계1동,경기도안양시동안구호계1동,읍면동,호계1동,경기도안양시동안구호계1동,2114,4634,2503,1270,651,213,16,284,8,15,7,8,7,2479,24,2131
4117359000,경기도 안양시 동안구 호계2동,경기도안양시동안구호계2동,읍면동,호계2동,경기도안양시동안구호계2동,2114,19553,12143,5860,3345,990,71,1608,20,29,20,66,19,12028,115,7410
4117360000,경기도 안양시 동안구 호계3동,경기도안양시동안구호계3동,읍면동,호계3동,경기도안양시동안구호계3동,2114,18767,11165,5601,2910,917,69,1387,15,45,33,58,23,11058,107,7602
4117361000,경기도 안양시 동안구 범계동,경기도안양시동안구범계동,읍면동,범계동,경기도안양시동안구범계동,2114,11935,8113,3658,2190,822,40,1232,5,13,14,45,13,8032,81,3822
4117362000,경기도 안양시 동안구 신촌동,경기도안양시동안구신촌동,읍면동,신촌동,경기도안양시동안구신촌동,2114,10499,7100,3441,1728,654,25,1099,13,29,16,45,8,7058,42,3399
4117363000,경기도 안양시 동안구 갈산동,경기도안양시동안구갈산동,읍면동,갈산동,경기도안양시동안구갈산동,2114,8897,5827,2454,1723,600,29,854,13,25,12,42,8,5760,67,3070
4119000000,경기도 부천시 ,경기도부천시,시군구,부천시,경기도부천시,,715281,396062,221517,85186,31321,2805,43482,1459,1178,1046,1980,1041,391015,5047,319219
4119060300,경기도 부천시 심곡동,경기도부천시심곡동,읍면동,심곡동,경기도부천시심곡동,2115,57597,25754,14384,6135,1890,228,2290,76,122,76,134,68,25403,351,31843
4119060600,경기도 부천시 부천동,경기도부천시부천동,읍면동,부천동,경기도부천시부천동,2115,77149,39505,22546,8784,2926,314,3585,267,113,92,245,100,38972,533,37644
4119061000,경기도 부천시 중동,경기도부천시중동,읍면동,중동,경기도부천시중동,2116,18736,9814,5251,2283,820,73,1134,25,27,36,53,21,9723,91,8922
4119074200,경기도 부천시 신중동,경기도부천시신중동,읍면동,신중동,경기도부천시신중동,2116,103873,58337,31630,12945,5038,366,6846,188,115,122,289,138,57677,660,45536
4119074400,경기도 부천시 상동,경기도부천시상동,읍면동,상동,경기도부천시상동,2116,16305,8692,4389,2224,782,61,993,29,26,12,52,25,8593,99,7613
4119074600,경기도 부천시 대산동,경기도부천시대산동,읍면동,대산동,경기도부천시대산동,2117,71302,37163,19866,8956,2797,249,4180,108,192,92,192,82,36714,449,34139
4119075000,경기도 부천시 소사본동,경기도부천시소사본동,읍면동,소사본동,경기도부천시소사본동,2117,21395,10277,5506,2733,748,87,915,26,41,30,32,25,10143,134,11118
4119079500,경기도 부천시 범안동,경기도부천시범안동,읍면동,범안동,경기도부천시범안동,2117,73704,42707,24092,8684,3317,263,5293,144,109,88,174,95,42259,448,30997
4119080000,경기도 부천시 성곡동,경기도부천시성곡동,읍면동,성곡동,경기도부천시성곡동,2118,34528,17718,9918,3787,1445,127,1905,63,43,59,79,56,17482,236,16810
4119083000,경기도 부천시 오정동,경기도부천시오정동,읍면동,오정동,경기도부천시오정동,2118,18633,9475,5461,2131,659,66,861,44,23,31,30,32,9338,137,9158
4121000000,경기도 광명시 ,경기도광명시,시군구,광명시,경기도광명시,,270792,166815,90200,35121,15741,1627,19658,464,435,478,737,402,164863,1952,103977
4121051000,경기도 광명시 광명1동,경기도광명시광명1동,읍면동,광명1동,경기도광명시광명1동,2119,10762,5342,2934,1310,430,47,456,15,19,15,20,23,5269,73,5420
4121052000,경기도 광명시 광명2동,경기도광명시광명2동,읍면동,광명2동,경기도광명시광명2동,2119,9207,4695,2605,1118,441,50,330,16,8,16,19,16,4619,76,4512
4121054000,경기도 광명시 광명3동,경기도광명시광명3동,읍면동,광명3동,경기도광명시광명3동,2119,8962,4585,2535,1114,402,48,346,12,21,11,18,12,4519,66,4377
4121055000,경기도 광명시 광명4동,경기도광명시광명4동,읍면동,광명4동,경기도광명시광명4동,2119,12882,7349,3947,1882,663,73,597,23,23,15,24,22,7269,80,5533
4121056000,경기도 광명시 광명5동,경기도광명시광명5동,읍면동,광명5동,경기도광명시광명5동,2119,12169,6747,3687,1546,587,61,677,18,26,18,22,16,6658,89,5422
4121057000,경기도 광명시 광명6동,경기도광명시광명6동,읍면동,광명6동,경기도광명시광명6동,2119,10396,6062,3229,1471,571,49,590,14,14,16,27,14,5995,67,4334
4121058000,경기도 광명시 광명7동,경기도광명시광명7동,읍면동,광명7동,경기도광명시광명7동,2119,15726,8589,4688,2064,800,79,736,16,23,26,33,23,8488,101,7137
4121059000,경기도 광명시 철산1동,경기도광명시철산1동,읍면동,철산1동,경기도광명시철산1동,2119,10149,6464,3519,1278,624,56,849,11,14,21,27,12,6411,53,3685
4121060000,경기도 광명시 철산2동,경기도광명시철산2동,읍면동,철산2동,경기도광명시철산2동,2119,12736,6948,3557,1626,634,75,869,19,22,19,37,19,6877,71,5788
4121061000,경기도 광명시 철산3동,경기도광명시철산3동,읍면동,철산3동,경기도광명시철산3동,2119,25830,17206,8420,3804,1879,161,2537,36,50,50,98,23,17058,148,8624
4121062000,경기도 광명시 철산4동,경기도광명시철산4동,읍면동,철산4동,경기도광명시철산4동,2119,10994,6848,3823,1311,602,66,901,18,18,15,21,11,6786,62,4146
4121063100,경기도 광명시 하안1동,경기도광명시하안1동,읍면동,하안1동,경기도광명시하안1동,2120,20015,12761,6642,2729,1315,110,1683,28,30,21,56,25,12639,122,7254
4121063200,경기도 광명시 하안2동,경기도광명시하안2동,읍면동,하안2동,경기도광명시하안2동,2120,11754,7106,4038,1269,598,88,939,20,13,15,34,19,7033,73,4648
4121063300,경기도 광명시 하안3동,경기도광명시하안3동,읍면동,하안3동,경기도광명시하안3동,2120,17200,10549,5849,2068,928,118,1273,31,23,30,48,22,10390,159,6651
4121063400,경기도 광명시 하안4동,경기도광명시하안4동,읍면동,하안4동,경기도광명시하안4동,2120,9996,6370,3623,1027,576,56,938,19,12,20,32,18,6321,49,3626
4121064000,경기도 광명시 소하1동,경기도광명시소하1동,읍면동,소하1동,경기도광명시소하1동,2120,23385,14790,7874,2914,1388,169,2085,50,26,42,65,27,14640,150,8595
4121065000,경기도 광명시 소하2동,경기도광명시소하2동,읍면동,소하2동,경기도광명시소하2동,2120,18057,10539,5738,2118,1065,95,1242,41,23,34,30,28,10415,123,7519
4121065500,경기도 광명시 일직동,경기도광명시일직동,읍면동,일직동,경기도광명시일직동,2120,13964,8149,4438,1638,824,73,961,32,17,26,24,22,8054,96,5814
4121066000,경기도 광명시 학온동,경기도광명시학온동,읍면동,학온동,경기도광명시학온동,2120,2013,1129,384,473,134,12,71,2,15,3,2,5,1101,28,884
4122000000,경기도 평택시 ,경기도평택시,시군구,평택시,경기도평택시,,394222,209688,108137,58044,15693,1083,18735,1209,753,1006,611,644,205915,3773,184534
4122025000,경기도 평택시 팽성읍,경기도평택시팽성읍,읍면동,팽성읍,경기도평택시팽성읍,2122,23905,10759,4619,3975,1010,57,680,48,42,36,21,37,10525,234,13146
4122025300,경기도 평택시 안중읍,경기도평택시안중읍,읍면동,안중읍,경기도평택시안중읍,2122,31125,16596,8769,4001,1287,67,1799,109,58,132,35,50,16307,289,14529
4122025600,경기도 평택시 포승읍,경기도평택시포승읍,읍면동,포승읍,경기도평택시포승읍,2122,19413,8524,4464,2327,602,61,707,63,29,54,13,31,8351,173,10889
4122025900,경기도 평택시 청북읍,경기도평택시청북읍,읍면동,청북읍,경기도평택시청북읍,2122,17334,8777,5008,1989,572,39,911,40,19,42,17,20,8657,120,8557
4122031000,경기도 평택시 진위면,경기도평택시진위면,읍면동,진위면,경기도평택시진위면,2121,9801,4821,2332,1625,317,28,317,17,16,16,18,13,4699,122,4980
4122032000,경기도 평택시 서탄면,경기도평택시서탄면,읍면동,서탄면,경기도평택시서탄면,2121,3255,1695,619,750,114,14,109,7,9,9,2,11,1644,51,1560
4122033000,경기도 평택시 고덕면,경기도평택시고덕면,읍면동,고덕면,경기도평택시고덕면,2122,2853,1359,639,466,91,7,103,9,2,5,3,6,1332,27,1494
4122034000,경기도 평택시 오성면,경기도평택시오성면,읍면동,오성면,경기도평택시오성면,2122,5943,3053,1302,1156,239,16,195,24,11,19,12,7,2981,72,2890
4122037000,경기도 평택시 현덕면,경기도평택시현덕면,읍면동,현덕면,경기도평택시현덕면,2122,5018,2878,1014,1246,234,25,179,10,26,22,5,10,2771,107,2140
4122051000,경기도 평택시 중앙동,경기도평택시중앙동,읍면동,중앙동,경기도평택시중앙동,2121,34165,18078,9514,4794,1368,90,1754,75,86,65,41,43,17830,248,16087
4122052000,경기도 평택시 서정동,경기도평택시서정동,읍면동,서정동,경기도평택시서정동,2121,23433,10067,5129,3043,708,59,696,48,60,37,28,24,9832,235,13366
4122053500,경기도 평택시 송탄동,경기도평택시송탄동,읍면동,송탄동,경기도평택시송탄동,2121,10976,5955,2984,1691,460,27,632,23,18,24,14,13,5886,69,5021
4122055000,경기도 평택시 지산동,경기도평택시지산동,읍면동,지산동,경기도평택시지산동,2121,9987,4428,2382,1209,324,31,343,11,15,16,10,9,4350,78,5559
4122056000,경기도 평택시 송북동,경기도평택시송북동,읍면동,송북동,경기도평택시송북동,2121,17939,9236,4533,2976,694,49,693,19,37,29,27,29,9086,150,8703
4122057000,경기도 평택시 신장1동,경기도평택시신장1동,읍면동,신장1동,경기도평택시신장1동,2121,5410,2178,998,732,220,14,142,5,6,3,5,5,2130,48,3232
4122058000,경기도 평택시 신장2동,경기도평택시신장2동,읍면동,신장2동,경기도평택시신장2동,2121,5449,2255,927,942,162,13,114,11,7,5,7,5,2193,62,3194
4122059000,경기도 평택시 신평동,경기도평택시신평동,읍면동,신평동,경기도평택시신평동,2122,19179,8741,4104,2906,645,47,726,59,30,37,30,25,8609,132,10438
4122060000,경기도 평택시 원평동,경기도평택시원평동,읍면동,원평동,경기도평택시원평동,2122,10034,5038,2453,1581,377,27,390,32,20,19,15,26,4940,98,4996
4122061000,경기도 평택시 통복동,경기도평택시통복동,읍면동,통복동,경기도평택시통복동,2121,3999,1977,891,736,139,17,119,7,7,13,4,3,1936,41,2022
4122062000,경기도 평택시 비전1동,경기도평택시비전1동,읍면동,비전1동,경기도평택시비전1동,2121,24386,12679,7111,2821,924,57,1303,102,38,64,36,34,12488,191,11707
4122063000,경기도 평택시 비전2동,경기도평택시비전2동,읍면동,비전2동,경기도평택시비전2동,2122,31642,17667,9258,4481,1325,69,1872,147,0,0,0,0,0,0,0
4122063500,경기도 평택시 용이동,경기도평택시용이동,읍면동,용이동,경기도평택시용이동,2122,14494,8093,4240,2052,607,32,857,68,0,0,0,0,0,0,0
4122064000,경기도 평택시 세교동,경기도평택시세교동,읍면동,세교동,경기도평택시세교동,2121,17813,9472,4929,2681,682,51,810,55,20,64,26,32,9350,122,8341
4122065000,경기도 평택시 동삭동,경기도평택시동삭동,읍면동,동삭동,경기도평택시동삭동,2121,17714,9210,5165,2049,671,41,946,74,27,47,26,24,9072,138,8504
4122066000,경기도 평택시 고덕동,경기도평택시고덕동,읍면동,고덕동,경기도평택시고덕동,2122,5287,2519,1184,865,169,14,191,16,5,10,6,10,2469,50,2768
4125000000,경기도 동두천시 ,경기도동두천시,시군구,동두천시,경기도동두천시,,80603,43672,21868,14174,2660,259,2728,197,310,151,125,147,42619,1053,36931
4125051000,경기도 동두천시 생연1동,경기도동두천시생연1동,읍면동,생연1동,경기도동두천시생연1동,2123,5895,2953,1401,1095,155,25,149,10,22,10,13,9,2889,64,2942
4125052000,경기도 동두천시 생연2동,경기도동두천시생연2동,읍면동,생연2동,경기도동두천시생연2동,2123,9346,5125,2492,1782,296,36,296,29,42,14,10,18,5015,110,4221
4125053500,경기도 동두천시 중앙동,경기도동두천시중앙동,읍면동,중앙동,경기도동두천시중앙동,2123,5115,2557,1102,1050,150,18,103,8,28,11,5,8,2483,74,2558
4125055000,경기도 동두천시 보산동,경기도동두천시보산동,읍면동,보산동,경기도동두천시보산동,2123,2828,1358,623,486,93,7,64,5,8,10,4,4,1304,54,1470
4125056500,경기도 동두천시 불현동,경기도동두천시불현동,읍면동,불현동,경기도동두천시불현동,2123,21555,10664,5251,3491,663,54,693,54,84,40,27,40,10397,267,10891
4125056600,경기도 동두천시 송내동,경기도동두천시송내동,읍면동,송내동,경기도동두천시송내동,2123,19172,10295,5559,2959,630,46,779,39,40,31,30,19,10132,163,8877
4125058000,경기도 동두천시 소요동,경기도동두천시소요동,읍면동,소요동,경기도동두천시소요동,2123,7644,3898,1763,1474,216,33,182,17,47,15,6,15,3768,130,3746
4125060000,경기도 동두천시 상패동,경기도동두천시상패동,읍면동,상패동,경기도동두천시상패동,2123,4562,2342,1023,877,179,19,123,11,16,4,12,8,2272,70,2220
4127000000,경기도 안산시 ,경기도안산시,시군구,안산시,경기도안산시,,#N/A,#N/A,#N/A,#N/A,#N/A,#N/A,#N/A,#N/A,#N/A,#N/A,#N/A,#N/A,#N/A,#N/A,#N/A
4127100000,경기도 안산시 상록구 ,경기도안산시상록구,행정구,안산시상록구,경기도안산시상록구,,301162,159969,88461,36424,12339,1507,15962,859,450,521,657,453,157633,2336,141193
4127151000,경기도 안산시 상록구 일동,경기도안산시상록구일동,읍면동,일동,경기도안산시상록구일동,2125,22024,10470,6059,2215,715,93,978,80,26,45,51,24,10286,184,11554
4127151500,경기도 안산시 상록구 이동,경기도안산시상록구이동,읍면동,이동,경기도안산시상록구이동,2125,22664,9991,5570,2322,738,96,982,41,28,28,43,20,9868,123,12673
4127152500,경기도 안산시 상록구 사동,경기도안산시상록구사동,읍면동,사동,경기도안산시상록구사동,2124,30110,14684,8408,2948,1105,131,1559,121,43,46,58,34,14453,231,15426
4127153200,경기도 안산시 상록구 사이동,경기도안산시상록구사이동,읍면동,사이동,경기도안산시상록구사이동,2124,25939,13670,7400,3132,1132,134,1455,78,39,42,39,39,13490,180,12269
4127153700,경기도 안산시 상록구 해양동,경기도안산시상록구해양동,읍면동,해양동,경기도안산시상록구해양동,2124,13893,8242,3911,2243,869,61,948,35,19,22,35,11,8154,88,5651
4127154000,경기도 안산시 상록구 본오1동,경기도안산시상록구본오1동,읍면동,본오1동,경기도안산시상록구본오1동,2124,32660,14103,8165,3063,955,146,1322,67,39,48,43,35,13883,220,18557
4127155000,경기도 안산시 상록구 본오2동,경기도안산시상록구본오2동,읍면동,본오2동,경기도안산시상록구본오2동,2124,23215,12037,6653,2784,965,106,1150,70,36,43,43,42,11892,145,11178
4127156000,경기도 안산시 상록구 본오3동,경기도안산시상록구본오3동,읍면동,본오3동,경기도안산시상록구본오3동,2124,18067,9315,4927,2245,737,80,1047,75,22,33,30,20,9216,99,8752
4127157000,경기도 안산시 상록구 부곡동,경기도안산시상록구부곡동,읍면동,부곡동,경기도안산시상록구부곡동,2125,18847,9066,5141,2117,662,94,780,39,30,22,33,33,8951,115,9781
4127158000,경기도 안산시 상록구 월피동,경기도안산시상록구월피동,읍면동,월피동,경기도안산시상록구월피동,2125,34001,17155,9706,3796,1256,153,1719,61,47,47,75,54,16914,241,16846
4127159000,경기도 안산시 상록구 성포동,경기도안산시상록구성포동,읍면동,성포동,경기도안산시상록구성포동,2125,20189,12461,6248,3274,1084,129,1372,79,41,30,39,24,12320,141,7728
4127160000,경기도 안산시 상록구 반월동,경기도안산시상록구반월동,읍면동,반월동,경기도안산시상록구반월동,2124,15628,8731,4410,2517,632,79,848,37,28,17,42,12,8622,109,6897
4127161000,경기도 안산시 상록구 안산동,경기도안산시상록구안산동,읍면동,안산동,경기도안산시상록구안산동,2125,7938,4062,2153,1190,251,44,313,8,12,13,6,9,3999,63,3876
4127300000,경기도 안산시 단원구 ,경기도안산시단원구,행정구,안산시단원구,경기도안산시단원구,,252537,134580,69555,33558,11931,1430,13930,715,335,461,446,352,132713,1867,117957
4127351000,경기도 안산시 단원구 와동,경기도안산시단원구와동,읍면동,와동,경기도안산시단원구와동,2126,33950,14327,8029,3460,1061,145,1164,76,38,55,42,40,14110,217,19623
4127352500,경기도 안산시 단원구 고잔동,경기도안산시단원구고잔동,읍면동,고잔동,경기도안산시단원구고잔동,2127,16618,8754,4223,2321,826,87,991,64,17,29,33,23,8614,140,7864
4127353200,경기도 안산시 단원구 중앙동,경기도안산시단원구중앙동,읍면동,중앙동,경기도안산시단원구중앙동,2127,17129,9172,4867,2054,840,115,1085,26,17,22,42,15,9083,89,7957
4127353500,경기도 안산시 단원구 호수동,경기도안산시단원구호수동,읍면동,호수동,경기도안산시단원구호수동,2127,35697,21642,10713,5158,2272,261,2750,61,63,48,79,39,21444,198,14055
4127354500,경기도 안산시 단원구 원곡동,경기도안산시단원구원곡동,읍면동,원곡동,경기도안산시단원구원곡동,2126,9324,2412,1167,790,158,32,159,19,10,10,3,7,2355,57,6912
4127355500,경기도 안산시 단원구 백운동,경기도안산시단원구백운동,읍면동,백운동,경기도안산시단원구백운동,2126,15935,8808,4062,2757,913,86,732,72,22,21,20,22,8707,101,7127
4127356500,경기도 안산시 단원구 신길동,경기도안산시단원구신길동,읍면동,신길동,경기도안산시단원구신길동,2126,18655,9414,5133,2336,694,87,886,67,24,35,24,17,9303,111,9241
4127357000,경기도 안산시 단원구 초지동,경기도안산시단원구초지동,읍면동,초지동,경기도안산시단원구초지동,2127,31285,17646,9236,3775,1507,150,2578,68,39,36,36,33,17458,188,13639
4127358000,경기도 안산시 단원구 선부1동,경기도안산시단원구선부1동,읍면동,선부1동,경기도안산시단원구선부1동,2126,9420,5024,2358,1540,451,63,409,49,12,21,14,14,4931,93,4396
4127359000,경기도 안산시 단원구 선부2동,경기도안산시단원구선부2동,읍면동,선부2동,경기도안산시단원구선부2동,2126,17618,7510,3927,1950,671,97,577,57,19,37,13,27,7375,135,10108
4127360000,경기도 안산시 단원구 선부3동,경기도안산시단원구선부3동,읍면동,선부3동,경기도안산시단원구선부3동,2126,26821,13378,6964,3451,1196,132,1242,72,28,62,41,30,13218,160,13443
4127361000,경기도 안산시 단원구 대부동,경기도안산시단원구대부동,읍면동,대부동,경기도안산시단원구대부동,2127,7000,3412,1233,1570,232,40,180,11,12,17,15,15,3325,87,3588
4128000000,경기도 고양시 ,경기도고양시,시군구,고양시,경기도고양시,,#N/A,#N/A,#N/A,#N/A,#N/A,#N/A,#N/A,#N/A,#N/A,#N/A,#N/A,#N/A,#N/A,#N/A,#N/A
4128100000,경기도 고양시 덕양구 ,경기도고양시덕양구,행정구,고양시덕양구,경기도고양시덕양구,,398866,232026,109713,52297,15958,1135,46248,926,556,878,1181,469,229361,2665,166840
4128151000,경기도 고양시 덕양구 주교동,경기도고양시덕양구주교동,읍면동,주교동,경기도고양시덕양구주교동,2128,13755,6314,2913,1648,362,42,1101,29,19,24,33,14,6185,129,7441
4128152000,경기도 고양시 덕양구 원신동,경기도고양시덕양구원신동,읍면동,원신동,경기도고양시덕양구원신동,2128,16890,9555,4133,1825,562,28,2830,16,24,27,22,11,9478,77,7335
4128153000,경기도 고양시 덕양구 흥도동,경기도고양시덕양구흥도동,읍면동,흥도동,경기도고양시덕양구흥도동,2128,28459,16722,7210,3160,999,65,4916,32,49,53,76,20,16580,142,11737
4128154000,경기도 고양시 덕양구 성사1동,경기도고양시덕양구성사1동,읍면동,성사1동,경기도고양시덕양구성사1동,2128,19672,10576,4771,2557,728,51,2165,40,30,41,38,21,10442,134,9096
4128155000,경기도 고양시 덕양구 성사2동,경기도고양시덕양구성사2동,읍면동,성사2동,경기도고양시덕양구성사2동,2128,9591,5695,2499,1457,354,29,1215,16,10,20,13,15,5628,67,3896
4128156000,경기도 고양시 덕양구 효자동,경기도고양시덕양구효자동,읍면동,효자동,경기도고양시덕양구효자동,2129,1967,932,388,348,66,3,90,4,3,2,12,3,919,13,1035
4128157600,경기도 고양시 덕양구 삼송1동,경기도고양시덕양구삼송1동,읍면동,삼송1동,경기도고양시덕양구삼송1동,2129,6257,3567,1678,880,294,12,615,8,6,16,21,7,3537,30,2691
4128157700,경기도 고양시 덕양구 삼송2동,경기도고양시덕양구삼송2동,읍면동,삼송2동,경기도고양시덕양구삼송2동,2129,9064,5166,2430,1275,426,18,891,11,8,23,30,10,5122,44,3897
4128158000,경기도 고양시 덕양구 창릉동,경기도고양시덕양구창릉동,읍면동,창릉동,경기도고양시덕양구창릉동,2129,10333,6143,2920,1497,504,35,1036,17,11,13,29,14,6076,67,4190
4128159000,경기도 고양시 덕양구 고양동,경기도고양시덕양구고양동,읍면동,고양동,경기도고양시덕양구고양동,2128,24885,12428,5358,3058,694,61,2954,27,33,35,51,18,12289,139,12457
4128160000,경기도 고양시 덕양구 관산동,경기도고양시덕양구관산동,읍면동,관산동,경기도고양시덕양구관산동,2128,29136,13172,5958,3558,842,87,2334,49,30,60,33,33,12984,188,15964
4128161000,경기도 고양시 덕양구 능곡동,경기도고양시덕양구능곡동,읍면동,능곡동,경기도고양시덕양구능곡동,2129,14922,8003,3739,2225,561,48,1160,58,18,35,42,23,7909,94,6919
4128162100,경기도 고양시 덕양구 화정1동,경기도고양시덕양구화정1동,읍면동,화정1동,경기도고양시덕양구화정1동,2128,32153,18705,8153,4666,1225,63,4121,42,48,80,102,32,18532,173,13448
4128162200,경기도 고양시 덕양구 화정2동,경기도고양시덕양구화정2동,읍면동,화정2동,경기도고양시덕양구화정2동,2128,25721,15888,7431,3080,1054,75,3924,44,27,46,76,14,15771,117,9833
4128163000,경기도 고양시 덕양구 행주동,경기도고양시덕양구행주동,읍면동,행주동,경기도고양시덕양구행주동,2129,17308,7885,3809,2132,545,58,997,95,24,33,31,26,7750,135,9423
4128164000,경기도 고양시 덕양구 행신1동,경기도고양시덕양구행신1동,읍면동,행신1동,경기도고양시덕양구행신1동,2129,18376,11087,5694,2408,867,62,1746,33,28,47,56,29,10970,117,7289
4128165000,경기도 고양시 덕양구 행신2동,경기도고양시덕양구행신2동,읍면동,행신2동,경기도고양시덕양구행신2동,2129,26709,16192,8300,3475,1120,67,2666,153,47,64,99,33,16024,168,10517
4128165500,경기도 고양시 덕양구 행신3동,경기도고양시덕양구행신3동,읍면동,행신3동,경기도고양시덕양구행신3동,2129,19877,11664,5866,2415,879,64,2119,42,24,58,70,15,11552,112,8213
4128165600,경기도 고양시 덕양구 행신4동,경기도고양시덕양구행신4동,읍면동,행신4동,경기도고양시덕양구행신4동,2129,17183,10083,5071,2087,759,56,1831,37,21,51,60,13,9986,97,7100
4128166000,경기도 고양시 덕양구 화전동,경기도고양시덕양구화전동,읍면동,화전동,경기도고양시덕양구화전동,2129,4679,2269,1108,670,172,13,223,13,5,7,8,11,2230,39,2410
4128167000,경기도 고양시 덕양구 대덕동,경기도고양시덕양구대덕동,읍면동,대덕동,경기도고양시덕양구대덕동,2129,2039,1005,421,350,78,6,112,6,4,1,7,2,987,18,1034
4128500000,경기도 고양시 일산동구 ,경기도고양시일산동구,행정구,고양시일산동구,경기도고양시일산동구,,234054,132687,65381,31070,10572,701,21161,442,385,470,788,255,131225,1462,101367
4128551000,경기도 고양시 일산동구 식사동,경기도고양시일산동구식사동,읍면동,식사동,경기도고양시일산동구식사동,2130,24320,13401,5932,3309,1142,46,2678,22,34,35,70,27,13295,106,10919
4128552500,경기도 고양시 일산동구 중산1동,경기도고양시일산동구중산1동,읍면동,중산1동,경기도고양시일산동구중산1동,2130,15764,8328,4088,1982,628,36,1353,41,21,34,46,14,8243,85,7437
4128552600,경기도 고양시 일산동구 중산2동,경기도고양시일산동구중산2동,읍면동,중산2동,경기도고양시일산동구중산2동,2130,17916,9464,4646,2253,714,40,1538,46,24,38,53,15,9367,97,8451
4128553000,경기도 고양시 일산동구 정발산동,경기도고양시일산동구정발산동,읍면동,정발산동,경기도고양시일산동구정발산동,2130,20599,10997,5251,2698,892,65,1753,33,42,47,55,22,10858,139,9602
4128554000,경기도 고양시 일산동구 풍산동,경기도고양시일산동구풍산동,읍면동,풍산동,경기도고양시일산동구풍산동,2130,29606,16715,8510,3532,1262,82,2920,75,31,49,81,21,16563,152,12891
4128555100,경기도 고양시 일산동구 백석1동,경기도고양시일산동구백석1동,읍면동,백석1동,경기도고양시일산동구백석1동,2129,25546,14581,7209,3218,1314,74,2353,42,48,56,88,24,14426,155,10965
4128555200,경기도 고양시 일산동구 백석2동,경기도고양시일산동구백석2동,읍면동,백석2동,경기도고양시일산동구백석2동,2129,18435,9414,4846,2043,748,68,1463,17,20,28,64,19,9316,98,9021
4128556000,경기도 고양시 일산동구 마두1동,경기도고양시일산동구마두1동,읍면동,마두1동,경기도고양시일산동구마두1동,2130,19321,11768,5299,2908,1043,66,2125,20,37,34,72,17,11621,147,7553
4128557000,경기도 고양시 일산동구 마두2동,경기도고양시일산동구마두2동,읍면동,마두2동,경기도고양시일산동구마두2동,2130,13153,8448,3643,2268,833,31,1473,12,34,21,46,11,8372,76,4705
4128558000,경기도 고양시 일산동구 장항1동,경기도고양시일산동구장항1동,읍면동,장항1동,경기도고양시일산동구장항1동,2130,2585,1245,516,502,85,14,100,2,7,2,3,5,1236,9,1340
4128559000,경기도 고양시 일산동구 장항2동,경기도고양시일산동구장항2동,읍면동,장항2동,경기도고양시일산동구장항2동,2130,21930,10181,4950,2481,860,35,1610,27,31,33,69,13,10109,72,11749
4128560000,경기도 고양시 일산동구 고봉동,경기도고양시일산동구고봉동,읍면동,고봉동,경기도고양시일산동구고봉동,2130,16615,6861,3111,2113,443,45,932,36,20,26,39,14,6779,82,9754
4128700000,경기도 고양시 일산서구 ,경기도고양시일산서구,행정구,고양시일산서구,경기도고양시일산서구,,222085,132793,67662,29983,10451,731,20634,360,294,469,679,222,131485,1308,89292
4128751000,경기도 고양시 일산서구 일산1동,경기도고양시일산서구일산1동,읍면동,일산1동,경기도고양시일산서구일산1동,2131,22435,11997,6287,2777,906,72,1653,38,23,44,45,19,11864,133,10438
4128752000,경기도 고양시 일산서구 일산2동,경기도고양시일산서구일산2동,읍면동,일산2동,경기도고양시일산서구일산2동,2130,16449,8547,4241,2286,605,61,1123,30,27,31,23,24,8451,96,7902
4128753000,경기도 고양시 일산서구 일산3동,경기도고양시일산서구일산3동,읍면동,일산3동,경기도고양시일산서구일산3동,2131,27107,17130,8389,3362,1588,104,3310,57,27,59,95,20,17011,119,9977
4128754500,경기도 고양시 일산서구 탄현1동,경기도고양시일산서구탄현1동,읍면동,탄현1동,경기도고양시일산서구탄현1동,2131,22711,12656,6820,2616,966,72,1866,39,21,47,51,22,12520,137,10055
4128754600,경기도 고양시 일산서구 탄현2동,경기도고양시일산서구탄현2동,읍면동,탄현2동,경기도고양시일산서구탄현2동,2131,14382,8015,4319,1657,611,45,1181,25,13,30,33,14,7928,86,6367
4128755000,경기도 고양시 일산서구 주엽1동,경기도고양시일산서구주엽1동,읍면동,주엽1동,경기도고양시일산서구주엽1동,2131,22877,14322,6875,3546,1228,75,2280,33,33,51,78,11,14210,112,8555
4128756000,경기도 고양시 일산서구 주엽2동,경기도고양시일산서구주엽2동,읍면동,주엽2동,경기도고양시일산서구주엽2동,2131,23310,13718,6343,3653,1141,79,2185,24,48,35,54,28,13590,128,9592
4128757000,경기도 고양시 일산서구 대화동,경기도고양시일산서구대화동,읍면동,대화동,경기도고양시일산서구대화동,2131,25634,13605,6777,3172,1031,62,2147,57,36,66,93,27,13468,137,12029
4128758000,경기도 고양시 일산서구 송포동,경기도고양시일산서구송포동,읍면동,송포동,경기도고양시일산서구송포동,2131,13821,8393,4087,2176,592,32,1312,15,17,24,46,14,8315,78,5428
4128760000,경기도 고양시 일산서구 덕이동,경기도고양시일산서구덕이동,읍면동,덕이동,경기도고양시일산서구덕이동,2131,22193,11760,5982,2922,836,65,1720,19,30,33,43,15,11666,94,10433
4128761000,경기도 고양시 일산서구 가좌동,경기도고양시일산서구가좌동,읍면동,가좌동,경기도고양시일산서구가좌동,2131,13654,7235,3681,1797,515,40,1058,12,18,21,27,9,7177,58,6419
4129000000,경기도 과천시 ,경기도과천시,시군구,과천시,경기도과천시,,46715,32760,13759,9360,3096,184,4268,92,99,116,1294,84,32352,408,13955
4129051000,경기도 과천시 중앙동,경기도과천시중앙동,읍면동,중앙동,경기도과천시중앙동,2132,5382,3742,1406,1201,400,22,470,6,7,8,174,10,3704,38,1640
4129052000,경기도 과천시 갈현동,경기도과천시갈현동,읍면동,갈현동,경기도과천시갈현동,2132,7776,5569,2209,1583,594,34,846,9,12,16,213,6,5522,47,2207
4129053000,경기도 과천시 별양동,경기도과천시별양동,읍면동,별양동,경기도과천시별양동,2132,8503,5775,2339,1724,571,18,734,14,11,18,259,13,5701,74,2728
4129054000,경기도 과천시 부림동,경기도과천시부림동,읍면동,부림동,경기도과천시부림동,2132,7828,5418,2184,1498,557,27,782,15,21,21,229,16,5350,68,2410
4129055000,경기도 과천시 과천동,경기도과천시과천동,읍면동,과천동,경기도과천시과천동,2132,7485,4316,1785,1415,360,23,473,14,18,21,132,17,4258,58,3169
4129056000,경기도 과천시 문원동,경기도과천시문원동,읍면동,문원동,경기도과천시문원동,2132,5917,4127,1864,1084,319,34,523,13,22,20,176,7,4062,65,1790
4131000000,경기도 구리시 ,경기도구리시,시군구,구리시,경기도구리시,,165295,97692,51983,25615,6368,501,10165,272,523,249,378,234,96288,1404,67603
4131051000,경기도 구리시 갈매동,경기도구리시갈매동,읍면동,갈매동,경기도구리시갈매동,2133,18167,10778,6082,2396,722,51,1254,26,49,23,30,21,10654,124,7389
4131052000,경기도 구리시 동구동,경기도구리시동구동,읍면동,동구동,경기도구리시동구동,2133,30653,18862,9906,4793,1269,84,2272,51,101,43,64,39,18622,240,11791
4131053000,경기도 구리시 인창동,경기도구리시인창동,읍면동,인창동,경기도구리시인창동,2133,19286,11096,6070,2860,677,51,1108,36,47,29,35,25,10938,158,8190
4131054100,경기도 구리시 교문1동,경기도구리시교문1동,읍면동,교문1동,경기도구리시교문1동,2133,14407,6995,3436,2295,379,41,600,18,49,17,27,15,6877,118,7412
4131054200,경기도 구리시 교문2동,경기도구리시교문2동,읍면동,교문2동,경기도구리시교문2동,2133,17146,10839,5428,3000,779,47,1257,31,65,25,42,20,10694,145,6307
4131057000,경기도 구리시 수택1동,경기도구리시수택1동,읍면동,수택1동,경기도구리시수택1동,2133,17992,8939,4602,2635,557,58,770,28,64,23,33,28,8798,141,9053
4131058000,경기도 구리시 수택2동,경기도구리시수택2동,읍면동,수택2동,경기도구리시수택2동,2133,20656,10473,5519,3104,613,62,757,39,66,38,46,27,10271,202,10183
4131059000,경기도 구리시 수택3동,경기도구리시수택3동,읍면동,수택3동,경기도구리시수택3동,2133,18521,11239,5901,2895,786,56,1326,24,51,21,49,20,11129,110,7282
4136000000,경기도 남양주시 ,경기도남양주시,시군구,남양주시,경기도남양주시,,537349,294696,157685,73709,21155,1771,31617,1044,1438,711,1112,695,290937,3759,242653
4136025000,경기도 남양주시 와부읍,경기도남양주시와부읍,읍면동,와부읍,경기도남양주시와부읍,2136,51642,31040,15229,8613,2490,184,3648,74,193,51,143,56,30681,359,20602
4136025300,경기도 남양주시 진접읍,경기도남양주시진접읍,읍면동,진접읍,경기도남양주시진접읍,2135,69877,32871,18048,8166,2211,212,3370,76,169,82,82,80,32496,375,37006
4136025600,경기도 남양주시 화도읍,경기도남양주시화도읍,읍면동,화도읍,경기도남양주시화도읍,2134,83171,38813,21167,9806,2320,226,4162,104,248,79,125,83,38320,493,44358
4136025700,경기도 남양주시 화도읍동부출장소,경기도남양주시화도읍동부출장소,읍면동,,경기도남양주시화도읍동부출장소,,0,0,0,0,0,0,0,0,0,0,0,0,0,0,#N/A
4136025800,경기도 남양주시 화도읍남부출장소,경기도남양주시화도읍남부출장소,읍면동,,경기도남양주시화도읍남부출장소,,0,0,0,0,0,0,0,0,0,0,0,0,0,0,#N/A
4136025900,경기도 남양주시 진건읍,경기도남양주시진건읍,읍면동,진건읍,경기도남양주시진건읍,2136,21481,10724,5220,3477,704,66,866,38,59,36,42,29,10537,187,10757
4136026200,경기도 남양주시 오남읍,경기도남양주시오남읍,읍면동,오남읍,경기도남양주시오남읍,2135,40866,19235,10856,4584,1139,120,1915,104,78,65,53,51,18965,270,21631
4136026500,경기도 남양주시 퇴계원읍,경기도남양주시퇴계원읍,읍면동,퇴계원읍,경기도남양주시퇴계원읍,2136,25064,13689,7100,3835,968,85,1296,55,48,26,46,36,13495,194,11375
4136031000,경기도 남양주시 별내면,경기도남양주시별내면,읍면동,별내면,경기도남양주시별내면,2135,16291,9001,4625,2472,625,56,905,64,32,38,49,15,8881,120,7290
4136034000,경기도 남양주시 수동면,경기도남양주시수동면,읍면동,수동면,경기도남양주시수동면,2134,7718,3849,1525,1486,256,41,329,14,48,19,17,27,3762,87,3869
4136036000,경기도 남양주시 조안면,경기도남양주시조안면,읍면동,조안면,경기도남양주시조안면,2136,3476,1847,690,798,120,17,157,4,11,2,11,6,1816,31,1629
4136051000,경기도 남양주시 호평동,경기도남양주시호평동,읍면동,호평동,경기도남양주시호평동,2134,36283,19883,11231,4186,1532,98,2403,51,86,30,64,28,19709,174,16400
4136052000,경기도 남양주시 평내동,경기도남양주시평내동,읍면동,평내동,경기도남양주시평내동,2134,26822,15124,8615,3214,1075,83,1782,38,55,26,45,28,14961,163,11698
4136053000,경기도 남양주시 금곡동,경기도남양주시금곡동,읍면동,금곡동,경기도남양주시금곡동,2136,17721,8673,4327,2730,574,71,675,39,56,18,28,25,8543,130,9048
4136054000,경기도 남양주시 양정동,경기도남양주시양정동,읍면동,양정동,경기도남양주시양정동,2136,4216,2180,963,851,160,20,122,6,13,1,8,8,2152,28,2036
4136054500,경기도 남양주시 다산1동,경기도남양주시다산1동,읍면동,다산1동,경기도남양주시다산1동,2136,38821,22810,11525,6058,1925,118,2586,73,119,44,89,41,22578,232,16011
4136056500,경기도 남양주시 다산2동,경기도남양주시다산2동,읍면동,다산2동,경기도남양주시다산2동,2136,13263,7563,3935,1932,588,46,849,33,44,11,24,16,7478,85,5700
4136057000,경기도 남양주시 별내동,경기도남양주시별내동,읍면동,별내동,경기도남양주시별내동,2135,51577,28319,15313,6305,2406,140,3424,156,96,69,112,46,28067,252,23258
4137000000,경기도 오산시 ,경기도오산시,시군구,오산시,경기도오산시,,169638,90033,51449,19774,6366,539,9281,258,241,291,290,272,88761,1272,79605
4137051000,경기도 오산시 중앙동,경기도오산시중앙동,읍면동,중앙동,경기도오산시중앙동,2137,23821,13425,7348,3157,990,82,1450,41,40,38,35,42,13223,202,10396
4137053000,경기도 오산시 남촌동,경기도오산시남촌동,읍면동,남촌동,경기도오산시남촌동,2137,18057,5827,3347,1348,407,41,503,20,17,20,21,13,5737,90,12230
4137054000,경기도 오산시 신장동,경기도오산시신장동,읍면동,신장동,경기도오산시신장동,2137,42916,21982,12545,4883,1503,128,2302,72,64,64,63,67,21691,291,20934
4137055000,경기도 오산시 세마동,경기도오산시세마동,읍면동,세마동,경기도오산시세마동,2137,16824,9575,5284,2067,790,51,1134,25,20,27,29,18,9445,130,7249
4137056000,경기도 오산시 초평동,경기도오산시초평동,읍면동,초평동,경기도오산시초평동,2137,12060,6069,3546,1407,404,34,511,8,15,22,8,19,5974,95,5991
4137057000,경기도 오산시 대원동,경기도오산시대원동,읍면동,대원동,경기도오산시대원동,2137,47139,24330,13923,5362,1680,150,2570,64,61,81,75,75,24041,289,22809
4139000000,경기도 시흥시 ,경기도시흥시,시군구,시흥시,경기도시흥시,,350586,185250,107899,39746,11849,1103,18658,927,397,540,1284,499,182902,2348,165336
4139051000,경기도 시흥시 대야동,경기도시흥시대야동,읍면동,대야동,경기도시흥시대야동,2138,25859,14146,7717,3642,872,78,1228,48,40,41,249,32,13947,199,11713
4139052000,경기도 시흥시 신천동,경기도시흥시신천동,읍면동,신천동,경기도시흥시신천동,2138,31979,15362,8708,3873,881,114,1180,55,39,53,206,39,15148,214,16617
4139053100,경기도 시흥시 신현동,경기도시흥시신현동,읍면동,신현동,경기도시흥시신현동,2138,8986,4900,2472,1525,295,34,385,27,14,15,35,16,4818,82,4086
4139054000,경기도 시흥시 은행동,경기도시흥시은행동,읍면동,은행동,경기도시흥시은행동,2138,23912,13827,7976,2859,878,76,1498,66,26,37,222,29,13667,160,10085
4139055000,경기도 시흥시 매화동,경기도시흥시매화동,읍면동,매화동,경기도시흥시매화동,2138,10449,5345,2900,1458,279,41,471,35,15,23,36,11,5269,76,5104
4139057000,경기도 시흥시 목감동,경기도시흥시목감동,읍면동,목감동,경기도시흥시목감동,2138,24409,14202,8262,3085,867,68,1562,71,37,29,40,35,14056,146,10207
4139058100,경기도 시흥시 군자동,경기도시흥시군자동,읍면동,군자동,경기도시흥시군자동,2139,19285,9028,4904,2282,732,65,676,51,29,30,36,41,8846,182,10257
4139058200,경기도 시흥시 월곶동,경기도시흥시월곶동,읍면동,월곶동,경기도시흥시월곶동,2139,12074,5935,3383,1388,354,24,645,14,15,17,17,19,5876,59,6139
4139058900,경기도 시흥시 정왕본동,경기도시흥시정왕본동,읍면동,정왕본동,경기도시흥시정왕본동,2139,21282,6587,3971,1366,385,43,639,26,16,15,21,19,6501,86,14695
4139059100,경기도 시흥시 정왕1동,경기도시흥시정왕1동,읍면동,정왕1동,경기도시흥시정왕1동,2139,21529,7985,4841,1624,453,60,784,33,18,24,33,17,7887,98,13544
4139059200,경기도 시흥시 정왕2동,경기도시흥시정왕2동,읍면동,정왕2동,경기도시흥시정왕2동,2139,24477,11987,7158,2316,776,82,1312,56,17,37,40,28,11822,165,12490
4139059300,경기도 시흥시 정왕3동,경기도시흥시정왕3동,읍면동,정왕3동,경기도시흥시정왕3동,2139,20472,9430,5590,1829,634,57,1075,31,9,33,43,17,9318,112,11042
4139059400,경기도 시흥시 정왕4동,경기도시흥시정왕4동,읍면동,정왕4동,경기도시흥시정왕4동,2139,10329,5606,3491,931,404,26,645,20,10,10,14,12,5562,44,4723
4139059600,경기도 시흥시 배곧1동,경기도시흥시배곧1동,읍면동,배곧1동,경기도시흥시배곧1동,2139,17656,9583,5967,1591,690,44,1103,35,17,17,24,20,9508,75,8073
4139059700,경기도 시흥시 배곧2동,경기도시흥시배곧2동,읍면동,배곧2동,경기도시흥시배곧2동,2139,17609,9558,5952,1587,689,44,1100,35,17,17,24,20,9483,75,8051
4139062100,경기도 시흥시 과림동,경기도시흥시과림동,읍면동,과림동,경기도시흥시과림동,2138,1800,940,351,457,54,6,50,3,1,3,2,2,929,11,860
4139063000,경기도 시흥시 연성동,경기도시흥시연성동,읍면동,연성동,경기도시흥시연성동,2138,17597,10188,5785,2258,624,61,1150,89,19,24,52,20,10082,106,7409
4139063100,경기도 시흥시 장곡동,경기도시흥시장곡동,읍면동,장곡동,경기도시흥시장곡동,2138,12725,7513,4509,1407,466,36,880,78,9,23,24,11,7443,70,5212
4139064000,경기도 시흥시 능곡동,경기도시흥시능곡동,읍면동,능곡동,경기도시흥시능곡동,2138,11565,6539,3609,1491,441,37,744,62,14,28,24,17,6467,72,5026
4141000000,경기도 군포시 ,경기도군포시,시군구,군포시,경기도군포시,,228999,144502,75375,33331,12932,866,17991,374,313,402,951,330,142865,1637,84497
4141051000,경기도 군포시 군포1동,경기도군포시군포1동,읍면동,군포1동,경기도군포시군포1동,2140,26372,13887,7195,3603,1201,97,1375,30,36,39,94,47,13717,170,12485
4141052000,경기도 군포시 군포2동,경기도군포시군포2동,읍면동,군포2동,경기도군포시군포2동,2140,20162,12686,6736,2888,1112,69,1552,32,28,31,77,26,12552,134,7476
4141054000,경기도 군포시 산본1동,경기도군포시산본1동,읍면동,산본1동,경기도군포시산본1동,2140,15438,7959,4056,2231,579,80,763,25,22,11,46,20,7833,126,7479
4141055000,경기도 군포시 산본2동,경기도군포시산본2동,읍면동,산본2동,경기도군포시산본2동,2140,21920,14310,6986,3601,1374,68,1885,41,35,47,86,41,14164,146,7610
4141056000,경기도 군포시 금정동,경기도군포시금정동,읍면동,금정동,경기도군포시금정동,2140,15710,7916,4235,2041,595,68,761,15,20,21,45,18,7819,97,7794
4141057000,경기도 군포시 재궁동,경기도군포시재궁동,읍면동,재궁동,경기도군포시재궁동,2140,16895,10042,5270,2356,895,48,1225,25,22,28,60,19,9948,94,6853
4141058000,경기도 군포시 오금동,경기도군포시오금동,읍면동,오금동,경기도군포시오금동,2140,17968,11907,6304,2415,1130,69,1729,28,14,25,72,15,11801,106,6061
4141059000,경기도 군포시 수리동,경기도군포시수리동,읍면동,수리동,경기도군포시수리동,2140,14111,9001,4415,2217,815,57,1221,21,30,25,68,17,8886,115,5110
4141060000,경기도 군포시 궁내동,경기도군포시궁내동,읍면동,궁내동,경기도군포시궁내동,2140,15353,10426,5157,2294,1010,44,1656,27,22,29,86,11,10336,90,4927
4141061000,경기도 군포시 대야동,경기도군포시대야동,읍면동,대야동,경기도군포시대야동,2140,20570,12942,6873,2946,1134,70,1584,33,29,32,79,27,12806,137,7627
4141062000,경기도 군포시 광정동,경기도군포시광정동,읍면동,광정동,경기도군포시광정동,2140,20099,12573,6214,2972,1217,70,1770,32,25,31,82,27,12440,133,7526
4141063000,경기도 군포시 송부동,경기도군포시송부동,읍면동,송부동,경기도군포시송부동,2140,9578,6026,3200,1372,528,33,737,15,13,15,37,12,5963,64,3551
4143000000,경기도 의왕시 ,경기도의왕시,시군구,의왕시,경기도의왕시,,127960,82356,41141,21152,6412,542,10135,363,222,282,783,211,81243,1113,45604
4143051000,경기도 의왕시 고천동,경기도의왕시고천동,읍면동,고천동,경기도의왕시고천동,2132,10426,6886,3185,2173,468,53,743,26,35,21,53,26,6783,103,3540
4143052000,경기도 의왕시 부곡동,경기도의왕시부곡동,읍면동,부곡동,경기도의왕시부곡동,2132,21054,12494,6418,3417,763,102,1248,93,32,56,110,37,12276,218,8560
4143053000,경기도 의왕시 오전동,경기도의왕시오전동,읍면동,오전동,경기도의왕시오전동,2132,29346,18239,9320,4842,1346,131,2044,85,53,59,97,46,18023,216,11107
4143054000,경기도 의왕시 내손1동,경기도의왕시내손1동,읍면동,내손1동,경기도의왕시내손1동,2132,16813,10597,4945,2796,1001,59,1486,28,28,33,91,21,10488,109,6216
4143055000,경기도 의왕시 내손2동,경기도의왕시내손2동,읍면동,내손2동,경기도의왕시내손2동,2132,25784,15878,7748,3879,1423,89,2179,65,35,54,167,28,15667,211,9906
4143056000,경기도 의왕시 청계동,경기도의왕시청계동,읍면동,청계동,경기도의왕시청계동,2132,16261,9997,4759,2542,785,61,1472,39,24,18,163,21,9884,113,6264
4145000000,경기도 하남시 ,경기도하남시,시군구,하남시,경기도하남시,,194181,115376,58471,32541,8110,575,12940,361,287,246,391,223,114145,1231,78805
4145051000,경기도 하남시 천현동,경기도하남시천현동,읍면동,천현동,경기도하남시천현동,2141,6362,2984,1180,1322,164,19,209,16,9,5,8,11,2943,41,3378
4145052000,경기도 하남시 신장1동,경기도하남시신장1동,읍면동,신장1동,경기도하남시신장1동,2141,5767,2902,1443,1016,150,14,190,15,7,5,14,4,2858,44,2865
4145053000,경기도 하남시 신장2동,경기도하남시신장2동,읍면동,신장2동,경기도하남시신장2동,2141,35014,20332,9873,6742,1339,93,1864,48,54,39,57,38,20147,185,14682
4145054000,경기도 하남시 덕풍1동,경기도하남시덕풍1동,읍면동,덕풍1동,경기도하남시덕풍1동,2141,13995,7429,3694,2386,461,33,666,25,21,20,17,8,7331,98,6566
4145055000,경기도 하남시 덕풍2동,경기도하남시덕풍2동,읍면동,덕풍2동,경기도하남시덕풍2동,2141,16529,8299,4103,2705,496,58,683,29,24,22,27,20,8167,132,8230
4145056000,경기도 하남시 덕풍3동,경기도하남시덕풍3동,읍면동,덕풍3동,경기도하남시덕풍3동,2141,20460,11108,5538,3273,723,63,1193,52,36,41,45,17,10981,127,9352
4145057000,경기도 하남시 풍산동,경기도하남시풍산동,읍면동,풍산동,경기도하남시풍산동,2141,8707,4679,2356,1217,360,24,627,21,10,7,15,10,4647,32,4028
4145058000,경기도 하남시 감북동,경기도하남시감북동,읍면동,감북동,경기도하남시감북동,2141,259,120,48,53,7,1,8,0,1,0,0,0,119,2,139
4145058200,경기도 하남시 감일동,경기도하남시감일동,읍면동,감일동,경기도하남시감일동,2141,3054,1417,562,628,80,8,97,4,8,4,5,3,1398,18,1637
4145058500,경기도 하남시 위례동,경기도하남시위례동,읍면동,위례동,경기도하남시위례동,2141,13196,7985,3673,2217,929,20,995,22,8,13,32,5,7914,71,5211
4145059000,경기도 하남시 춘궁동,경기도하남시춘궁동,읍면동,춘궁동,경기도하남시춘궁동,2141,3308,1782,612,886,105,14,91,14,6,8,10,5,1751,31,1526
4145060000,경기도 하남시 초이동,경기도하남시초이동,읍면동,초이동,경기도하남시초이동,2141,3155,1519,652,611,106,9,99,7,2,2,2,11,1501,18,1636
4145061000,경기도 하남시 미사1동,경기도하남시미사1동,읍면동,미사1동,경기도하남시미사1동,2141,19326,11313,6083,2412,838,50,1717,24,22,16,32,18,11212,101,8013
4145062000,경기도 하남시 미사2동,경기도하남시미사2동,읍면동,미사2동,경기도하남시미사2동,2141,30889,19352,10494,4009,1354,77,3052,40,47,37,60,24,19194,158,11537
4146000000,경기도 용인시 ,경기도용인시,시군구,용인시,경기도용인시,,#N/A,#N/A,#N/A,#N/A,#N/A,#N/A,#N/A,#N/A,#N/A,#N/A,#N/A,#N/A,#N/A,#N/A,#N/A
4146100000,경기도 용인시 처인구 ,경기도용인시처인구,행정구,용인시처인구,경기도용인시처인구,,192573,106658,54215,31411,7246,1017,8602,370,341,333,508,352,104395,2263,85915
4146125000,경기도 용인시 처인구 포곡읍,경기도용인시처인구포곡읍,읍면동,포곡읍,경기도용인시처인구포곡읍,2142,26222,13684,7321,3806,851,136,1017,52,49,38,51,31,13352,332,12538
4146125300,경기도 용인시 처인구 모현읍,경기도용인시처인구모현읍,읍면동,모현읍,경기도용인시처인구모현읍,2142,20323,10169,5113,2960,620,111,868,23,44,27,51,37,9854,315,10154
4146125600,경기도 용인시 처인구 이동읍,경기도용인시처인구이동읍,읍면동,이동읍,경기도용인시처인구이동읍,2142,15966,8123,3842,2719,576,77,567,43,31,32,31,31,7949,174,7843
4146125900,경기도 용인시 처인구 남사읍,경기도용인시처인구남사읍,읍면동,남사읍,경기도용인시처인구남사읍,2142,5635,2951,1150,1286,221,20,174,13,6,12,8,8,2898,53,2684
4146134000,경기도 용인시 처인구 원삼면,경기도용인시처인구원삼면,읍면동,원삼면,경기도용인시처인구원삼면,2142,6474,3560,1285,1577,275,28,274,6,8,10,26,8,3497,63,2914
4146135000,경기도 용인시 처인구 백암면,경기도용인시처인구백암면,읍면동,백암면,경기도용인시처인구백암면,2142,7871,3940,1521,1720,227,63,232,11,7,9,24,21,3835,105,3931
4146136000,경기도 용인시 처인구 양지면,경기도용인시처인구양지면,읍면동,양지면,경기도용인시처인구양지면,2142,14135,7196,3283,2385,531,74,668,30,22,20,39,23,7075,121,6939
4146151000,경기도 용인시 처인구 중앙동,경기도용인시처인구중앙동,읍면동,중앙동,경기도용인시처인구중앙동,2142,19473,9983,4867,3281,651,77,765,35,31,32,59,30,9828,155,9490
4146152500,경기도 용인시 처인구 역북동,경기도용인시처인구역북동,읍면동,역북동,경기도용인시처인구역북동,2142,21026,12039,6583,2893,876,102,1129,29,37,34,49,34,11765,273,8987
4146152600,경기도 용인시 처인구 삼가동,경기도용인시처인구삼가동,읍면동,삼가동,경기도용인시처인구삼가동,2142,8270,4735,2590,1138,344,40,444,11,14,13,19,14,4628,108,3535
4146153000,경기도 용인시 처인구 유림동,경기도용인시처인구유림동,읍면동,유림동,경기도용인시처인구유림동,2142,23990,12391,6975,3043,821,121,978,47,38,41,44,32,12140,251,11599
4146154000,경기도 용인시 처인구 동부동,경기도용인시처인구동부동,읍면동,동부동,경기도용인시처인구동부동,2142,11022,5725,2738,1949,390,51,413,21,17,19,26,22,5646,79,5297
4146300000,경기도 용인시 기흥구 ,경기도용인시기흥구,행정구,용인시기흥구,경기도용인시기흥구,,387109,245403,126063,62896,19459,1704,29728,727,741,450,888,431,243087,2316,141706
4146351000,경기도 용인시 기흥구 신갈동,경기도용인시기흥구신갈동,읍면동,신갈동,경기도용인시기흥구신갈동,2143,27514,16438,8549,4336,1242,134,1776,50,43,46,52,33,16261,177,11076
4146351600,경기도 용인시 기흥구 영덕1동,경기도용인시기흥구영덕1동,읍면동,영덕1동,경기도용인시기흥구영덕1동,2143,19961,12081,6584,2608,949,70,1643,23,20,23,41,15,11976,105,7880
4146351700,경기도 용인시 기흥구 영덕2동,경기도용인시기흥구영덕2동,읍면동,영덕2동,경기도용인시기흥구영덕2동,2143,11531,6979,3804,1506,549,40,949,14,12,13,24,8,6919,60,4552
4146352000,경기도 용인시 기흥구 구갈동,경기도용인시기흥구구갈동,읍면동,구갈동,경기도용인시기흥구구갈동,2143,22218,12819,6918,3044,972,108,1459,35,32,32,57,35,12692,127,9399
4146353000,경기도 용인시 기흥구 상갈동,경기도용인시기흥구상갈동,읍면동,상갈동,경기도용인시기흥구상갈동,2143,9471,5660,2881,1500,419,47,684,15,15,11,25,8,5604,56,3812
4146353500,경기도 용인시 기흥구 보라동,경기도용인시기흥구보라동,읍면동,보라동,경기도용인시기흥구보라동,2143,23932,14300,7278,3790,1057,118,1730,37,37,29,63,19,14159,141,9631
4146354000,경기도 용인시 기흥구 기흥동,경기도용인시기흥구기흥동,읍면동,기흥동,경기도용인시기흥구기흥동,2143,16535,8971,4531,2643,640,78,885,22,30,12,24,15,8880,91,7564
4146355000,경기도 용인시 기흥구 서농동,경기도용인시기흥구서농동,읍면동,서농동,경기도용인시기흥구서농동,2143,18891,11301,6480,2096,918,52,1545,23,14,28,33,27,11216,85,7590
4146356000,경기도 용인시 기흥구 구성동,경기도용인시기흥구구성동,읍면동,구성동,경기도용인시기흥구구성동,2145,29564,17895,8272,5876,1413,98,1875,54,48,28,44,31,17739,156,11669
4146357000,경기도 용인시 기흥구 마북동,경기도용인시기흥구마북동,읍면동,마북동,경기도용인시기흥구마북동,2145,24982,15683,6888,5447,1244,107,1631,38,84,34,45,22,15540,143,9299
4146357200,경기도 용인시 기흥구 동백1동,경기도용인시기흥구동백1동,읍면동,동백1동,경기도용인시기흥구동백1동,2145,20698,13126,7066,2859,973,80,1868,77,29,22,35,18,13027,99,7573
4146357500,경기도 용인시 기흥구 동백2동,경기도용인시기흥구동백2동,읍면동,동백2동,경기도용인시기흥구동백2동,2145,17227,10924,5881,2379,810,66,1555,64,24,18,29,15,10842,82,6303
4146357700,경기도 용인시 기흥구 동백3동,경기도용인시기흥구동백3동,읍면동,동백3동,경기도용인시기흥구동백3동,2143,17025,10796,5812,2351,801,66,1537,64,24,18,29,15,10715,81,6229
4146358600,경기도 용인시 기흥구 상하동,경기도용인시기흥구상하동,읍면동,상하동,경기도용인시기흥구상하동,2143,18393,11010,5774,2858,796,94,1263,30,34,16,38,16,10919,91,7383
4146359000,경기도 용인시 기흥구 보정동,경기도용인시기흥구보정동,읍면동,보정동,경기도용인시기흥구보정동,2145,27852,17834,7977,5792,1604,104,1996,23,79,29,58,29,17691,143,10018
4146500000,경기도 용인시 수지구 ,경기도용인시수지구,행정구,용인시수지구,경기도용인시수지구,,215189,139063,65210,39932,12347,865,17434,268,455,214,1021,222,137968,1095,76126
4146551000,경기도 용인시 수지구 풍덕천1동,경기도용인시수지구풍덕천1동,읍면동,풍덕천1동,경기도용인시수지구풍덕천1동,2144,27559,16323,8382,3991,1235,137,2133,40,71,33,121,22,16165,158,11236
4146552000,경기도 용인시 수지구 풍덕천2동,경기도용인시수지구풍덕천2동,읍면동,풍덕천2동,경기도용인시수지구풍덕천2동,2144,29710,19146,9970,4287,1581,98,2764,39,52,36,143,44,19014,132,10564
4146553000,경기도 용인시 수지구 신봉동,경기도용인시수지구신봉동,읍면동,신봉동,경기도용인시수지구신봉동,2144,27581,17390,7575,5607,1614,105,2140,29,64,14,111,21,17280,110,10191
4146554000,경기도 용인시 수지구 죽전1동,경기도용인시수지구죽전1동,읍면동,죽전1동,경기도용인시수지구죽전1동,2145,21569,13219,6444,3472,1150,98,1751,31,60,21,56,20,13103,116,8350
4146555000,경기도 용인시 수지구 죽전2동,경기도용인시수지구죽전2동,읍면동,죽전2동,경기도용인시수지구죽전2동,2144,14415,8809,4436,2295,812,66,1061,12,33,4,21,7,8747,62,5606
4146555500,경기도 용인시 수지구 죽전3동,경기도용인시수지구죽전3동,읍면동,죽전3동,경기도용인시수지구죽전3동,2145,20101,12319,6005,3235,1071,92,1632,29,56,19,53,19,12211,108,7782
4146556000,경기도 용인시 수지구 동천동,경기도용인시수지구동천동,읍면동,동천동,경기도용인시수지구동천동,2144,27065,16845,7671,4797,1508,95,2326,29,56,31,203,16,16732,113,10220
4146557000,경기도 용인시 수지구 상현1동,경기도용인시수지구상현1동,읍면동,상현1동,경기도용인시수지구상현1동,2144,14610,8952,4300,2448,822,55,1129,19,30,16,53,15,8887,65,5658
4146558000,경기도 용인시 수지구 상현2동,경기도용인시수지구상현2동,읍면동,상현2동,경기도용인시수지구상현2동,2145,25344,16559,7742,4790,1507,108,2097,37,37,18,86,28,16450,109,8785
4146558500,경기도 용인시 수지구 상현3동,경기도용인시수지구상현3동,읍면동,상현3동,경기도용인시수지구상현3동,-,20011,12261,5890,3353,1126,76,1547,27,41,21,72,20,12173,88,7750
4146559000,경기도 용인시 수지구 성복동,경기도용인시수지구성복동,읍면동,성복동,경기도용인시수지구성복동,2144,29977,18246,6394,7804,1847,124,1720,21,84,14,102,20,18130,116,11731
4148000000,경기도 파주시 ,경기도파주시,시군구,파주시,경기도파주시,,352518,193732,102523,48345,12875,930,21821,1122,546,543,1773,484,190962,2770,158786
4148025000,경기도 파주시 문산읍,경기도파주시문산읍,읍면동,문산읍,경기도파주시문산읍,2147,37925,18974,9990,5341,1290,100,1584,74,59,62,73,64,18637,337,18951
4148025300,경기도 파주시 파주읍,경기도파주시파주읍,읍면동,파주읍,경기도파주시파주읍,2147,11466,5328,2312,2110,274,38,339,28,15,14,35,23,5188,140,6138
4148025600,경기도 파주시 법원읍,경기도파주시법원읍,읍면동,법원읍,경기도파주시법원읍,2147,9768,4638,1969,1857,288,38,254,32,20,19,15,21,4513,125,5130
4148026200,경기도 파주시 조리읍,경기도파주시조리읍,읍면동,조리읍,경기도파주시조리읍,2146,25148,12740,5974,4190,809,65,1253,43,38,47,81,22,12522,218,12408
4148031000,경기도 파주시 월롱면,경기도파주시월롱면,읍면동,월롱면,경기도파주시월롱면,2147,10357,4455,2566,1109,248,21,318,25,11,12,50,22,4382,73,5902
4148032000,경기도 파주시 탄현면,경기도파주시탄현면,읍면동,탄현면,경기도파주시탄현면,2146,11317,5431,2444,1695,326,27,655,55,23,18,81,10,5334,97,5886
4148035000,경기도 파주시 광탄면,경기도파주시광탄면,읍면동,광탄면,경기도파주시광탄면,2146,10153,4844,1883,1954,411,35,356,16,17,12,31,11,4726,118,5309
4148036000,경기도 파주시 파평면,경기도파주시파평면,읍면동,파평면,경기도파주시파평면,2147,3460,1910,724,878,120,9,96,8,4,6,12,3,1860,50,1550
4148037000,경기도 파주시 적성면,경기도파주시적성면,읍면동,적성면,경기도파주시적성면,2147,6266,3016,1215,1351,176,23,140,7,10,5,9,11,2947,69,3250
4148039000,경기도 파주시 장단면,경기도파주시장단면,읍면동,장단면,경기도파주시장단면,2147,757,576,267,205,38,3,34,4,2,1,1,3,558,18,181
4148051000,경기도 파주시 금촌1동,경기도파주시금촌1동,읍면동,금촌1동,경기도파주시금촌1동,2147,18782,8391,3978,2787,512,59,632,44,39,26,120,23,8220,171,10391
4148052000,경기도 파주시 금촌2동,경기도파주시금촌2동,읍면동,금촌2동,경기도파주시금촌2동,2147,25596,14446,8098,3145,873,63,1623,132,29,53,222,33,14271,175,11150
4148053000,경기도 파주시 금촌3동,경기도파주시금촌3동,읍면동,금촌3동,경기도파주시금촌3동,2147,21949,11414,6316,2903,617,55,1029,79,39,34,151,36,11259,155,10535
4148054000,경기도 파주시 교하동,경기도파주시교하동,읍면동,교하동,경기도파주시교하동,2146,29362,15706,8186,3486,1122,48,2324,136,47,39,149,24,15561,145,13656
4148055000,경기도 파주시 운정1동,경기도파주시운정1동,읍면동,운정1동,경기도파주시운정1동,2146,32931,18597,10510,3665,1305,73,2521,69,29,39,175,27,18413,184,14334
4148056000,경기도 파주시 운정2동,경기도파주시운정2동,읍면동,운정2동,경기도파주시운정2동,2146,30794,17826,10100,3261,1216,53,2664,65,42,55,190,28,17674,152,12968
4148057000,경기도 파주시 운정3동,경기도파주시운정3동,읍면동,운정3동,경기도파주시운정3동,2146,46160,25118,14068,4721,1874,95,3663,192,58,41,164,48,24924,194,21042
4150000000,경기도 이천시 ,경기도이천시,시군구,이천시,경기도이천시,,171518,93691,46597,31169,5296,522,6878,350,252,291,313,307,91975,1716,77827
4150025000,경기도 이천시 장호원읍,경기도이천시장호원읍,읍면동,장호원읍,경기도이천시장호원읍,2148,12128,6050,2516,2656,295,35,329,18,23,21,20,16,5929,121,6078
4150025300,경기도 이천시 부발읍,경기도이천시부발읍,읍면동,부발읍,경기도이천시부발읍,2148,26262,13610,7509,3841,663,61,1160,46,28,36,29,41,13414,196,12652
4150031000,경기도 이천시 신둔면,경기도이천시신둔면,읍면동,신둔면,경기도이천시신둔면,2148,10078,5344,2512,1915,321,30,400,11,10,12,11,19,5241,103,4734
4150032000,경기도 이천시 백사면,경기도이천시백사면,읍면동,백사면,경기도이천시백사면,2148,8435,4225,1905,1636,241,30,267,8,12,11,9,14,4133,92,4210
4150033000,경기도 이천시 호법면,경기도이천시호법면,읍면동,호법면,경기도이천시호법면,2148,4891,2618,984,1228,169,11,137,12,5,6,6,3,2561,57,2273
4150034000,경기도 이천시 마장면,경기도이천시마장면,읍면동,마장면,경기도이천시마장면,2148,8053,4013,1744,1686,224,21,197,6,16,9,11,11,3925,88,4040
4150035000,경기도 이천시 대월면,경기도이천시대월면,읍면동,대월면,경기도이천시대월면,2148,10773,5230,2783,1498,282,37,420,36,18,27,20,18,5139,91,5543
4150036000,경기도 이천시 모가면,경기도이천시모가면,읍면동,모가면,경기도이천시모가면,2148,3915,2158,716,1101,107,20,101,11,14,8,8,13,2099,59,1757
4150037000,경기도 이천시 설성면,경기도이천시설성면,읍면동,설성면,경기도이천시설성면,2148,4215,2226,739,1086,103,24,102,13,11,10,4,7,2099,127,1989
4150038000,경기도 이천시 율면,경기도이천시율면,읍면동,율면,경기도이천시율면,2148,2494,1316,505,582,79,9,70,4,4,9,11,4,1277,39,1178
4150051000,경기도 이천시 창전동,경기도이천시창전동,읍면동,창전동,경기도이천시창전동,2148,14241,6528,2859,2571,408,40,394,23,19,22,32,25,6393,135,7713
4150051500,경기도 이천시 증포동,경기도이천시증포동,읍면동,증포동,경기도이천시증포동,2148,34076,18757,10936,4543,1053,68,1729,73,36,49,38,45,18570,187,15319
4150052000,경기도 이천시 중리동,경기도이천시중리동,읍면동,중리동,경기도이천시중리동,2148,11247,5333,2216,2215,356,22,340,18,20,18,14,17,5236,97,5914
4150053000,경기도 이천시 관고동,경기도이천시관고동,읍면동,관고동,경기도이천시관고동,2148,8735,4328,1948,1674,264,30,282,18,9,8,17,14,4264,64,4407
4155000000,경기도 안성시 ,경기도안성시,시군구,안성시,경기도안성시,,149626,82013,41466,25127,4289,560,7310,456,263,403,247,294,80415,1598,67613
4155025000,경기도 안성시 공도읍,경기도안성시공도읍,읍면동,공도읍,경기도안성시공도읍,2149,40098,19898,11238,4782,1025,145,2102,81,67,105,48,62,19655,243,20200
4155031000,경기도 안성시 보개면,경기도안성시보개면,읍면동,보개면,경기도안성시보개면,2149,5039,2963,1297,1111,163,27,192,31,11,10,3,19,2864,99,2076
4155032000,경기도 안성시 금광면,경기도안성시금광면,읍면동,금광면,경기도안성시금광면,2149,6310,3450,1746,1049,198,24,283,18,16,14,14,11,3373,77,2860
4155033000,경기도 안성시 서운면,경기도안성시서운면,읍면동,서운면,경기도안성시서운면,2149,3267,1719,662,757,98,12,98,11,10,5,7,11,1671,48,1548
4155034000,경기도 안성시 미양면,경기도안성시미양면,읍면동,미양면,경기도안성시미양면,2149,5122,2474,1152,865,106,26,202,15,16,12,9,13,2416,58,2648
4155035000,경기도 안성시 대덕면,경기도안성시대덕면,읍면동,대덕면,경기도안성시대덕면,2149,12791,5857,3089,1605,307,40,604,26,13,36,22,17,5759,98,6934
4155036000,경기도 안성시 양성면,경기도안성시양성면,읍면동,양성면,경기도안성시양성면,2149,4605,2426,875,1086,133,29,169,19,12,10,6,14,2353,73,2179
4155038000,경기도 안성시 원곡면,경기도안성시원곡면,읍면동,원곡면,경기도안성시원곡면,2149,4171,2038,877,805,120,18,149,4,7,7,1,10,1998,40,2133
4155039000,경기도 안성시 일죽면,경기도안성시일죽면,읍면동,일죽면,경기도안성시일죽면,2149,6666,3526,1389,1555,163,33,226,20,4,13,5,11,3419,107,3140
4155040000,경기도 안성시 죽산면,경기도안성시죽산면,읍면동,죽산면,경기도안성시죽산면,2149,6288,3438,1495,1373,177,24,193,20,12,10,10,16,3330,108,2850
4155041000,경기도 안성시 삼죽면,경기도안성시삼죽면,읍면동,삼죽면,경기도안성시삼죽면,2149,3015,1601,676,656,97,10,97,9,8,7,4,6,1570,31,1414
4155042000,경기도 안성시 고삼면,경기도안성시고삼면,읍면동,고삼면,경기도안성시고삼면,2149,1832,1088,423,455,63,4,89,4,6,4,2,2,1052,36,744
4155051000,경기도 안성시 안성1동,경기도안성시안성1동,읍면동,안성1동,경기도안성시안성1동,2149,10935,6082,2771,2199,323,38,473,51,18,38,24,21,5956,126,4853
4155052000,경기도 안성시 안성2동,경기도안성시안성2동,읍면동,안성2동,경기도안성시안성2동,2149,15279,7988,4298,2272,392,35,702,51,15,35,16,17,7833,155,7291
4155053000,경기도 안성시 안성3동,경기도안성시안성3동,읍면동,안성3동,경기도안성시안성3동,2149,15314,8573,4259,2638,416,39,940,51,19,49,20,20,8451,122,6741
4157000000,경기도 김포시 ,경기도김포시,시군구,김포시,경기도김포시,,316246,180031,94955,45367,12139,1445,20984,546,457,430,649,441,177413,2618,136215
4157025000,경기도 김포시 통진읍,경기도김포시통진읍,읍면동,통진읍,경기도김포시통진읍,2151,21674,9993,4844,3342,546,94,724,72,26,44,33,44,9769,224,11681
4157025300,경기도 김포시 고촌읍,경기도김포시고촌읍,읍면동,고촌읍,경기도김포시고촌읍,2150,20777,11964,5508,3590,878,93,1448,34,44,23,45,22,11685,279,8813
4157025600,경기도 김포시 양촌읍,경기도김포시양촌읍,읍면동,양촌읍,경기도김포시양촌읍,2151,20931,9735,4773,3198,535,101,838,27,26,24,21,28,9571,164,11196
4157034000,경기도 김포시 대곶면,경기도김포시대곶면,읍면동,대곶면,경기도김포시대곶면,2151,8656,3743,1446,1665,208,42,248,17,13,7,15,14,3675,68,4913
4157035000,경기도 김포시 월곶면,경기도김포시월곶면,읍면동,월곶면,경기도김포시월곶면,2151,4951,2509,972,1095,146,32,150,21,16,8,6,11,2457,52,2442
4157036000,경기도 김포시 하성면,경기도김포시하성면,읍면동,하성면,경기도김포시하성면,2151,7313,3571,1444,1574,197,30,224,20,5,6,7,14,3521,50,3742
4157051500,경기도 김포시 김포본동,경기도김포시김포본동,읍면동,김포본동,경기도김포시김포본동,2150,37874,20636,10321,5930,1426,188,2205,64,67,56,74,58,20389,247,17238
4157052500,경기도 김포시 장기본동,경기도김포시장기본동,읍면동,장기본동,경기도김포시장기본동,2151,25097,14091,7698,3022,1008,84,2004,29,35,29,49,29,13987,104,11006
4157054000,경기도 김포시 사우동,경기도김포시사우동,읍면동,사우동,경기도김포시사우동,2150,17784,9188,4625,2462,589,82,996,44,27,28,32,20,8905,283,8596
4157055000,경기도 김포시 풍무동,경기도김포시풍무동,읍면동,풍무동,경기도김포시풍무동,2150,37447,21740,11403,5176,1475,189,2779,59,54,53,85,47,21320,420,15707
4157056000,경기도 김포시 장기동,경기도김포시장기동,읍면동,장기동,경기도김포시장기동,2150,28553,16093,9101,3278,1221,91,2122,33,31,24,52,28,15981,112,12460
4157057000,경기도 김포시 구래동,경기도김포시구래동,읍면동,구래동,경기도김포시구래동,2151,20576,11326,6776,2081,669,81,1494,19,27,27,32,23,11229,97,9250
4157057500,경기도 김포시 마산동,경기도김포시마산동,읍면동,마산동,경기도김포시마산동,2151,16377,9014,5393,1656,532,65,1189,16,21,22,25,18,8937,77,7363
4157058000,경기도 김포시 운양동,경기도김포시운양동,읍면동,운양동,경기도김포시운양동,2151,29295,17479,9679,3586,1348,109,2460,35,20,21,65,30,17353,126,11816
4159000000,경기도 화성시 ,경기도화성시,시군구,화성시,경기도화성시,,551721,313664,174476,65012,26631,2551,36692,1095,665,959,1044,785,309910,3754,238057
4159025300,경기도 화성시 봉담읍,경기도화성시봉담읍,읍면동,봉담읍,경기도화성시봉담읍,2152,53937,28714,15907,6599,2156,224,3077,115,77,103,91,56,28405,309,25223
4159025600,경기도 화성시 우정읍,경기도화성시우정읍,읍면동,우정읍,경기도화성시우정읍,2152,14577,7565,3463,2367,632,69,685,56,16,43,18,34,7383,182,7012
4159025900,경기도 화성시 향남읍,경기도화성시향남읍,읍면동,향남읍,경기도화성시향남읍,2152,57773,28064,16419,5422,2187,211,3047,154,48,103,83,58,27732,332,29709
4159026200,경기도 화성시 남양읍,경기도화성시남양읍,읍면동,남양읍,경기도화성시남양읍,2152,26692,13060,6826,3477,1007,91,1271,53,32,28,38,46,12869,191,13632
4159031000,경기도 화성시 매송면,경기도화성시매송면,읍면동,매송면,경기도화성시매송면,2152,6398,3330,1476,1167,287,34,217,19,19,7,11,10,3247,83,3068
4159032000,경기도 화성시 비봉면,경기도화성시비봉면,읍면동,비봉면,경기도화성시비봉면,2152,5020,2517,967,1053,237,20,129,10,8,6,8,11,2449,68,2503
4159033000,경기도 화성시 마도면,경기도화성시마도면,읍면동,마도면,경기도화성시마도면,2152,5663,2665,1100,1073,194,32,163,5,6,8,8,11,2600,65,2998
4159034000,경기도 화성시 송산면,경기도화성시송산면,읍면동,송산면,경기도화성시송산면,2152,9275,4119,1571,1810,313,34,234,15,13,16,9,8,4023,96,5156
4159035000,경기도 화성시 서신면,경기도화성시서신면,읍면동,서신면,경기도화성시서신면,2152,6158,2783,1050,1161,280,34,135,14,16,11,8,5,2714,69,3375
4159036000,경기도 화성시 팔탄면,경기도화성시팔탄면,읍면동,팔탄면,경기도화성시팔탄면,2152,8655,3855,1645,1409,348,44,272,22,8,16,8,11,3783,72,4800
4159037000,경기도 화성시 장안면,경기도화성시장안면,읍면동,장안면,경기도화성시장안면,2152,8725,4078,1708,1305,465,52,290,27,8,18,14,16,3903,175,4647
4159040000,경기도 화성시 양감면,경기도화성시양감면,읍면동,양감면,경기도화성시양감면,2152,3753,1799,754,688,164,18,106,6,2,3,5,5,1751,48,1954
4159041000,경기도 화성시 정남면,경기도화성시정남면,읍면동,정남면,경기도화성시정남면,2152,9660,4183,1699,1638,365,43,295,14,15,15,13,11,4108,75,5477
4159051500,경기도 화성시 새솔동,경기도화성시새솔동,읍면동,새솔동,경기도화성시새솔동,2152,4337,2533,1581,364,193,15,328,8,2,5,10,7,2513,20,1804
4159052000,경기도 화성시 진안동,경기도화성시진안동,읍면동,진안동,경기도화성시진안동,2154,30280,14450,8450,2853,1104,122,1609,27,32,41,32,44,14314,136,15830
4159053000,경기도 화성시 병점1동,경기도화성시병점1동,읍면동,병점1동,경기도화성시병점1동,2154,21278,11794,6989,2294,904,94,1218,31,24,43,42,20,11659,135,9484
4159054000,경기도 화성시 병점2동,경기도화성시병점2동,읍면동,병점2동,경기도화성시병점2동,2154,17880,10501,6156,1797,813,80,1396,30,22,36,34,26,10390,111,7379
4159055000,경기도 화성시 반월동,경기도화성시반월동,읍면동,반월동,경기도화성시반월동,2154,21018,12720,7383,2384,1048,98,1541,20,24,39,37,28,12602,118,8298
4159056000,경기도 화성시 기배동,경기도화성시기배동,읍면동,기배동,경기도화성시기배동,2154,10541,5976,3449,1285,442,47,624,18,13,22,11,12,5923,53,4565
4159057000,경기도 화성시 화산동,경기도화성시화산동,읍면동,화산동,경기도화성시화산동,2154,18913,9251,4920,2389,699,90,898,26,29,34,28,31,9144,107,9662
4159058500,경기도 화성시 동탄1동,경기도화성시동탄1동,읍면동,동탄1동,경기도화성시동탄1동,2153,35362,20874,12064,3339,1813,161,3134,41,32,51,64,32,20731,143,14488
4159058600,경기도 화성시 동탄2동,경기도화성시동탄2동,읍면동,동탄2동,경기도화성시동탄2동,2153,24689,15469,8710,2544,1343,118,2461,33,27,28,65,23,15352,117,9220
4159058700,경기도 화성시 동탄3동,경기도화성시동탄3동,읍면동,동탄3동,경기도화성시동탄3동,2154,29315,17180,10587,2291,1330,140,2485,30,43,43,53,39,17041,139,12135
4159058800,경기도 화성시 동탄4동,경기도화성시동탄4동,읍면동,동탄4동,경기도화성시동탄4동,2153,35063,23043,12931,3475,2538,166,3528,104,20,59,54,31,22906,137,12020
4159059000,경기도 화성시 동탄5동,경기도화성시동탄5동,읍면동,동탄5동,경기도화성시동탄5동,2153,21448,12534,7268,1932,1204,111,1781,41,19,26,44,20,12446,88,8914
4159060000,경기도 화성시 동탄6동,경기도화성시동탄6동,읍면동,동탄6동,경기도화성시동탄6동,2153,8417,4685,2734,730,472,34,628,14,5,11,14,12,4653,33,3732
4159061000,경기도 화성시 동탄7동,경기도화성시동탄7동,읍면동,동탄7동,경기도화성시동탄7동,2153,17925,9978,5821,1554,1005,71,1337,30,11,23,30,26,9909,69,7947
4159062000,경기도 화성시 동탄8동,경기도화성시동탄8동,읍면동,동탄8동,경기도화성시동탄8동,2153,6787,3778,2204,589,380,27,506,11,4,9,11,10,3752,26,3009
4161000000,경기도 광주시 ,경기도광주시,시군구,광주시,경기도광주시,,287993,156066,84553,41836,9849,1105,13870,735,418,724,506,435,154031,2035,131927
4161025000,경기도 광주시 오포읍,경기도광주시오포읍,읍면동,오포읍,경기도광주시오포읍,2156,73561,36202,20199,8810,2447,312,3431,157,92,128,140,92,35808,394,37359
4161025300,경기도 광주시 초월읍,경기도광주시초월읍,읍면동,초월읍,경기도광주시초월읍,2156,31808,16572,8624,4851,1101,124,1435,68,51,73,35,40,16402,170,15236
4161025900,경기도 광주시 곤지암읍,경기도광주시곤지암읍,읍면동,곤지암읍,경기도광주시곤지암읍,2156,18778,9282,4298,3272,625,67,699,40,31,40,20,42,9134,148,9496
4161033000,경기도 광주시 도척면,경기도광주시도척면,읍면동,도척면,경기도광주시도척면,2156,7493,3881,1666,1467,341,31,247,23,15,11,7,10,3818,63,3612
4161034000,경기도 광주시 퇴촌면,경기도광주시퇴촌면,읍면동,퇴촌면,경기도광주시퇴촌면,2155,11281,5556,2413,2125,306,34,515,18,15,17,37,12,5492,64,5725
4161035000,경기도 광주시 남종면,경기도광주시남종면,읍면동,남종면,경기도광주시남종면,2155,1339,811,228,460,47,8,41,2,4,3,2,2,797,14,528
4161037000,경기도 광주시 남한산성면,경기도광주시남한산성면,읍면동,남한산성면,경기도광주시남한산성면,2155,2298,1367,538,559,93,8,115,9,3,2,6,5,1338,29,931
4161051000,경기도 광주시 경안동,경기도광주시경안동,읍면동,경안동,경기도광주시경안동,2155,19878,10042,5373,2761,597,59,871,51,34,64,22,27,9859,183,9836
4161052000,경기도 광주시 송정동,경기도광주시송정동,읍면동,송정동,경기도광주시송정동,2155,16423,8088,4387,2276,468,53,670,37,23,44,22,22,8002,86,8335
4161054000,경기도 광주시 쌍령동,경기도광주시쌍령동,읍면동,쌍령동,경기도광주시쌍령동,2155,12218,6172,3303,1697,367,36,535,31,21,39,14,17,6060,112,6046
4161055000,경기도 광주시 탄벌동,경기도광주시탄벌동,읍면동,탄벌동,경기도광주시탄벌동,2155,29078,14321,7768,4030,829,95,1185,66,40,77,39,39,14168,153,14757
4161056000,경기도 광주시 광남1동,경기도광주시광남1동,읍면동,광남1동,경기도광주시광남1동,2155,21692,11630,6658,2774,668,65,1104,63,23,68,25,25,11474,157,10061
4161057000,경기도 광주시 광남2동,경기도광주시광남2동,읍면동,광남2동,경기도광주시광남2동,2155,21475,11515,6592,2746,662,65,1093,63,23,67,25,24,11359,155,9961
4163000000,경기도 양주시 ,경기도양주시,시군구,양주시,경기도양주시,,171243,94152,50295,26386,5569,551,8179,495,286,282,304,262,92609,1543,77091
4163025000,경기도 양주시 백석읍,경기도양주시백석읍,읍면동,백석읍,경기도양주시백석읍,2157,21617,10948,5578,3559,573,59,841,39,35,25,25,28,10762,186,10669
4163031000,경기도 양주시 은현면,경기도양주시은현면,읍면동,은현면,경기도양주시은현면,2157,5524,2757,1194,1150,161,22,129,9,10,6,2,13,2696,61,2767
4163032000,경기도 양주시 남면,경기도양주시남면,읍면동,남면,경기도양주시남면,2157,6164,3170,1418,1167,219,23,154,17,13,11,6,21,3049,121,2994
4163033000,경기도 양주시 광적면,경기도양주시광적면,읍면동,광적면,경기도양주시광적면,2157,10331,5277,2495,1958,256,32,316,21,21,16,27,11,5153,124,5054
4163034000,경기도 양주시 장흥면,경기도양주시장흥면,읍면동,장흥면,경기도양주시장흥면,2157,8381,4379,1891,1731,268,24,335,16,16,8,11,8,4308,71,4002
4163051000,경기도 양주시 양주1동,경기도양주시양주1동,읍면동,양주1동,경기도양주시양주1동,2157,5064,2684,1196,998,170,23,211,9,15,5,7,5,2639,45,2380
4163052000,경기도 양주시 양주2동,경기도양주시양주2동,읍면동,양주2동,경기도양주시양주2동,2157,37214,20183,11153,4869,1264,92,2256,102,60,62,66,34,19958,225,17031
4163053000,경기도 양주시 회천1동,경기도양주시회천1동,읍면동,회천1동,경기도양주시회천1동,2157,8135,4282,2228,1310,267,29,296,26,14,10,11,14,4205,77,3853
4163054000,경기도 양주시 회천2동,경기도양주시회천2동,읍면동,회천2동,경기도양주시회천2동,2157,21766,10738,5894,2837,641,77,940,59,23,43,23,25,10562,176,11028
4163055000,경기도 양주시 회천3동,경기도양주시회천3동,읍면동,회천3동,경기도양주시회천3동,2157,21512,11954,6674,3073,684,58,1090,85,26,29,48,30,11797,157,9558
4163056000,경기도 양주시 회천4동,경기도양주시회천4동,읍면동,회천4동,경기도양주시회천4동,2157,15653,7929,4666,1784,463,35,756,60,19,20,13,15,7831,98,7724
4165000000,경기도 포천시 ,경기도포천시,시군구,포천시,경기도포천시,,129049,70756,33276,24414,4594,420,4086,474,410,249,231,294,68448,2308,58293
4165025000,경기도 포천시 소흘읍,경기도포천시소흘읍,읍면동,소흘읍,경기도포천시소흘읍,2158,35188,17882,9332,5413,1136,97,1199,108,71,51,57,67,17531,351,17306
4165031000,경기도 포천시 군내면,경기도포천시군내면,읍면동,군내면,경기도포천시군내면,2158,6437,3373,1403,1307,210,22,177,31,22,12,3,20,3207,166,3064
4165032000,경기도 포천시 내촌면,경기도포천시내촌면,읍면동,내촌면,경기도포천시내촌면,2158,4314,2185,854,937,134,16,109,12,32,8,5,7,2114,71,2129
4165033000,경기도 포천시 가산면,경기도포천시가산면,읍면동,가산면,경기도포천시가산면,2158,6849,3364,1397,1296,222,24,193,24,41,11,14,11,3233,131,3485
4165034000,경기도 포천시 신북면,경기도포천시신북면,읍면동,신북면,경기도포천시신북면,2158,10183,5184,2198,1938,418,31,283,33,33,11,15,27,4987,197,4999
4165035000,경기도 포천시 창수면,경기도포천시창수면,읍면동,창수면,경기도포천시창수면,2158,1993,1224,445,503,108,10,50,7,9,5,1,7,1145,79,769
4165036000,경기도 포천시 영중면,경기도포천시영중면,읍면동,영중면,경기도포천시영중면,2158,4465,2484,995,1036,165,22,107,17,12,8,2,10,2374,110,1981
4165037000,경기도 포천시 일동면,경기도포천시일동면,읍면동,일동면,경기도포천시일동면,2158,8366,4244,1841,1752,236,22,207,28,16,14,8,13,4137,107,4122
4165038000,경기도 포천시 이동면,경기도포천시이동면,읍면동,이동면,경기도포천시이동면,2158,4992,2731,1286,1057,164,10,109,9,9,5,3,16,2668,63,2261
4165039000,경기도 포천시 영북면,경기도포천시영북면,읍면동,영북면,경기도포천시영북면,2158,7374,4139,1872,1441,247,26,180,33,21,28,12,13,3873,266,3235
4165040000,경기도 포천시 관인면,경기도포천시관인면,읍면동,관인면,경기도포천시관인면,2158,2616,1588,626,661,92,14,79,13,8,2,1,4,1500,88,1028
4165041000,경기도 포천시 화현면,경기도포천시화현면,읍면동,화현면,경기도포천시화현면,2158,2184,1207,477,563,57,9,54,5,10,2,3,7,1187,20,977
4165051000,경기도 포천시 포천동,경기도포천시포천동,읍면동,포천동,경기도포천시포천동,2158,15208,8787,4073,2990,590,38,571,88,52,35,31,30,8498,289,6421
4165052000,경기도 포천시 선단동,경기도포천시선단동,읍면동,선단동,경기도포천시선단동,2158,11850,5353,2569,1817,325,38,291,30,34,28,16,24,5172,181,6497
4167000000,경기도 여주시 ,경기도여주시,시군구,여주시,경기도여주시,,94136,55393,24268,20520,3608,401,3411,312,509,219,217,319,53784,1609,38743
4167025000,경기도 여주시 가남읍,경기도여주시가남읍,읍면동,가남읍,경기도여주시가남읍,2159,12550,6692,3019,2293,577,64,382,41,49,22,26,22,6495,197,5858
4167031000,경기도 여주시 점동면,경기도여주시점동면,읍면동,점동면,경기도여주시점동면,2159,4012,2392,783,1171,136,13,97,31,31,9,11,5,2287,105,1620
4167032000,경기도 여주시 흥천면,경기도여주시흥천면,읍면동,흥천면,경기도여주시흥천면,2159,4231,2365,781,1181,115,26,107,23,28,7,7,14,2289,76,1866
4167033000,경기도 여주시 금사면,경기도여주시금사면,읍면동,금사면,경기도여주시금사면,2159,2580,1504,399,804,125,14,55,10,28,4,8,5,1452,52,1076
4167034500,경기도 여주시 세종대왕면,경기도여주시세종대왕면,읍면동,세종대왕면,경기도여주시세종대왕면,2159,5209,3027,1109,1283,212,26,146,16,60,19,13,16,2900,127,2182
4167035000,경기도 여주시 대신면,경기도여주시대신면,읍면동,대신면,경기도여주시대신면,2159,6305,3572,1088,1673,216,26,164,28,88,8,14,81,3386,186,2733
4167036000,경기도 여주시 북내면,경기도여주시북내면,읍면동,북내면,경기도여주시북내면,2159,4173,2309,794,1113,127,16,122,14,20,12,11,10,2239,70,1864
4167037000,경기도 여주시 강천면,경기도여주시강천면,읍면동,강천면,경기도여주시강천면,2159,3444,2060,758,901,137,16,118,5,23,9,11,16,1994,66,1384
4167038000,경기도 여주시 산북면,경기도여주시산북면,읍면동,산북면,경기도여주시산북면,2159,2140,1182,382,564,101,7,71,4,9,1,8,5,1152,30,958
4167051000,경기도 여주시 여흥동,경기도여주시여흥동,읍면동,여흥동,경기도여주시여흥동,2159,17637,9666,4619,3328,570,58,650,41,67,34,27,36,9430,236,7971
4167052000,경기도 여주시 중앙동,경기도여주시중앙동,읍면동,중앙동,경기도여주시중앙동,2159,14428,8293,4061,2695,452,57,598,57,44,36,29,52,8081,212,6135
4167053000,경기도 여주시 오학동,경기도여주시오학동,읍면동,오학동,경기도여주시오학동,2159,11660,6567,3410,1931,430,36,492,25,35,30,17,24,6430,137,5093
4180000000,경기도 연천군 ,경기도연천군,시군구,연천군,경기도연천군,,38497,24786,11601,9130,1239,182,1192,134,102,59,89,97,23825,961,13711
4180025000,경기도 연천군 연천읍,경기도연천군연천읍,읍면동,연천읍,경기도연천군연천읍,2123,6285,3973,1818,1528,187,34,168,11,15,11,24,23,3819,154,2312
4180025300,경기도 연천군 전곡읍,경기도연천군전곡읍,읍면동,전곡읍,경기도연천군전곡읍,2123,14610,8739,4337,3015,477,41,431,34,36,17,22,18,8428,311,5871
4180031000,경기도 연천군 군남면,경기도연천군군남면,읍면동,군남면,경기도연천군군남면,2123,2834,1725,656,802,67,16,64,15,3,1,8,10,1642,83,1109
4180032000,경기도 연천군 청산면,경기도연천군청산면,읍면동,청산면,경기도연천군청산면,2123,3430,1957,696,940,86,21,87,6,13,3,10,7,1869,88,1473
4180033000,경기도 연천군 백학면,경기도연천군백학면,읍면동,백학면,경기도연천군백학면,2123,2349,1419,628,550,54,11,71,6,8,3,2,6,1339,80,930
4180034000,경기도 연천군 미산면,경기도연천군미산면,읍면동,미산면,경기도연천군미산면,2123,1449,852,364,354,41,6,51,1,6,2,2,4,831,21,597
4180035000,경기도 연천군 왕징면,경기도연천군왕징면,읍면동,왕징면,경기도연천군왕징면,2123,948,659,274,284,22,12,31,2,6,1,2,1,635,24,289
4180036000,경기도 연천군 신서면,경기도연천군신서면,읍면동,신서면,경기도연천군신서면,2123,2551,1705,737,649,87,22,54,46,8,5,6,10,1624,81,846
4180037000,경기도 연천군 중면,경기도연천군중면,읍면동,중면,경기도연천군중면,2123,179,113,45,42,6,2,8,0,2,0,0,0,105,8,66
4180038000,경기도 연천군 장남면,경기도연천군장남면,읍면동,장남면,경기도연천군장남면,2123,641,429,175,182,16,3,26,0,1,4,0,2,409,20,212
4182000000,경기도 가평군 ,경기도가평군,시군구,가평군,경기도가평군,,54583,35318,14806,13808,1961,319,1964,290,327,161,188,169,33993,1325,19265
4182025000,경기도 가평군 가평읍,경기도가평군가평읍,읍면동,가평읍,경기도가평군가평읍,2158,15675,10197,4494,3868,521,79,604,81,74,34,50,44,9849,348,5478
4182031000,경기도 가평군 설악면,경기도가평군설악면,읍면동,설악면,경기도가평군설악면,2158,7574,4437,1670,1995,255,39,218,18,43,18,12,20,4288,149,3137
4182032500,경기도 가평군 청평면,경기도가평군청평면,읍면동,청평면,경기도가평군청평면,2158,11754,7121,2866,2910,390,47,421,47,85,44,32,27,6869,252,4633
4182033000,경기도 가평군 상면,경기도가평군상면,읍면동,상면,경기도가평군상면,2158,4692,2901,1013,1347,174,25,134,23,31,15,19,18,2799,102,1791
4182034500,경기도 가평군 조종면,경기도가평군조종면,읍면동,조종면,경기도가평군조종면,2158,7689,4664,1943,1681,251,72,228,70,49,27,28,32,4381,283,3025
4182035000,경기도 가평군 북면,경기도가평군북면,읍면동,북면,경기도가평군북면,2158,3373,2206,897,962,118,20,83,16,16,2,12,6,2132,74,1167
4183000000,경기도 양평군 ,경기도양평군,시군구,양평군,경기도양평군,,98582,60989,22954,22258,5962,360,6222,253,289,220,341,198,59057,1932,37593
4183025000,경기도 양평군 양평읍,경기도양평군양평읍,읍면동,양평읍,경기도양평군양평읍,2159,23196,13689,5477,4456,1499,58,1472,40,54,46,45,38,13185,504,9507
4183031000,경기도 양평군 강상면,경기도양평군강상면,읍면동,강상면,경기도양평군강상면,2159,7449,4330,1696,1519,418,13,545,10,18,6,15,9,4249,81,3119
4183032000,경기도 양평군 강하면,경기도양평군강하면,읍면동,강하면,경기도양평군강하면,2159,3766,2119,674,928,216,14,186,11,11,9,7,7,2063,56,1647
4183033000,경기도 양평군 양서면,경기도양평군양서면,읍면동,양서면,경기도양평군양서면,2159,10056,5765,2017,2288,441,26,634,21,37,22,58,17,5561,204,4291
4183034000,경기도 양평군 옥천면,경기도양평군옥천면,읍면동,옥천면,경기도양평군옥천면,2159,6184,3731,1337,1417,304,29,398,10,17,8,22,14,3556,175,2453
4183035000,경기도 양평군 서종면,경기도양평군서종면,읍면동,서종면,경기도양평군서종면,2159,7029,3938,1298,1555,326,25,529,11,19,10,36,10,3819,119,3091
4183036000,경기도 양평군 단월면,경기도양평군단월면,읍면동,단월면,경기도양평군단월면,2159,3175,1923,662,778,201,12,135,9,10,4,8,10,1829,94,1252
4183037000,경기도 양평군 청운면,경기도양평군청운면,읍면동,청운면,경기도양평군청운면,2159,3168,1922,540,868,240,25,119,10,4,12,8,13,1839,83,1246
4183038000,경기도 양평군 양동면,경기도양평군양동면,읍면동,양동면,경기도양평군양동면,2159,3921,2255,693,1045,217,14,142,14,15,12,6,7,2165,90,1666
4183039500,경기도 양평군 지평면,경기도양평군지평면,읍면동,지평면,경기도양평군지평면,2159,5602,3458,1109,1382,424,31,272,42,21,18,21,10,3330,128,2144
4183040000,경기도 양평군 용문면,경기도양평군용문면,읍면동,용문면,경기도양평군용문면,2159,13409,7885,2946,3015,721,47,796,40,39,37,37,24,7702,183,5524
4183041000,경기도 양평군 개군면,경기도양평군개군면,읍면동,개군면,경기도양평군개군면,2159,4161,2502,825,987,309,17,209,12,20,17,23,10,2429,73,1659
